"department = sweing";"department = finishing_finishing ";"team";"targeted_productivity";"smv";"over_time";"idle_men";"no_of_style_change";"work_cond_f2";"actual_productivity"
1;0;8;0.8;25.9;10170.0;0.0;0.0;30.610905345175155;0.850136766
0;1;5;0.6;4.15;1440.0;0.0;0.0;50.583406098551414;0.8527935609999999
1;0;6;0.8;11.61;5760.0;0.0;0.0;56.541015911722226;0.8003863640000001
1;0;1;0.75;26.82;7080.0;0.0;0.0;34.39284780297503;0.750050847
0;1;3;0.5;5.13;1800.0;0.0;0.0;30.695846119876332;0.7866
1;0;13;0.8;15.26;4080.0;0.0;0.0;55.86807868452442;0.999999
1;0;11;0.7;10.05;6120.0;0.0;0.0;41.29847995354355;0.7002788459999999
0;1;8;0.35;4.15;1440.0;0.0;0.0;31.306051113481214;0.994375
0;1;10;0.8;3.94;1440.0;0.0;0.0;58.27489100608757;0.9746212120000001
1;0;12;0.8;11.61;5670.0;0.0;0.0;58.744315084013074;0.8002467529999999
1;0;14;0.7;22.94;10530.0;0.0;0.0;40.61984783963497;0.20022740225000002
1;0;3;0.7;22.52;8460.0;0.0;0.0;49.24981768186518;0.750037968
1;0;7;0.5;30.48;6600.0;0.0;1.0;46.06203913226393;0.5006109089999999
0;1;5;0.6;3.94;1440.0;0.0;0.0;63.05656538935568;0.9093916670000001
1;0;8;0.8;25.9;10170.0;0.0;0.0;28.838857744156854;0.800128721
0;1;14;0.8;5.13;4800.0;0.0;0.0;60.25996873428767;0.207515625
1;0;14;0.75;22.94;10530.0;0.0;0.0;63.095111708860294;0.212555944
0;1;11;0.7;4.15;2700.0;0.0;0.0;58.357082017336644;0.36266666700000005
1;0;11;0.7;11.41;2160.0;0.0;2.0;34.964391069046485;0.5659722220000001
1;0;9;0.8;26.16;10620.0;0.0;0.0;42.40616255024478;0.9002157159999999
1;0;1;0.75;28.08;6900.0;0.0;0.0;55.567738469748086;0.7504278259999999
1;0;9;0.8;29.12;6960.0;0.0;0.0;51.293505779123336;0.7999632179999999
0;1;9;0.7;2.9;1800.0;0.0;0.0;47.65120171385668;0.726933333
1;0;9;0.8;29.12;3240.0;0.0;0.0;35.85463795608095;0.8001441440000001
1;0;3;0.6;22.52;10170.0;0.0;0.0;62.83880238957546;0.600291767
0;1;5;0.7;3.94;240.0;0.0;0.0;55.278675658113045;0.971866667
0;1;10;0.7;2.9;3360.0;0.0;0.0;40.71460944455434;0.6645833329999999
1;0;3;0.8;29.4;6840.0;0.0;0.0;65.40101878909175;0.800333333
1;0;5;0.8;30.1;1200.0;0.0;1.0;54.47589752376734;0.598792339
0;1;14;0.7;3.94;1800.0;0.0;0.0;54.34505848157515;0.22759469699999998
1;0;3;0.75;22.52;10350.0;0.0;0.0;51.20602066804963;0.800513307
0;1;6;0.8;2.9;960.0;0.0;0.0;82.82955179986331;0.604166667
0;1;6;0.8;2.9;960.0;0.0;0.0;91.34165147083687;0.749166667
0;1;1;0.75;3.94;1200.0;0.0;0.0;66.16636490187126;0.853666667
0;1;8;0.8;2.9;1440.0;0.0;0.0;69.76542313682917;0.675568182
0;1;8;0.8;2.9;1440.0;0.0;0.0;29.50656845841979;0.606912879
0;1;2;0.8;5.13;1440.0;0.0;0.0;55.36755910019427;0.919125
1;0;8;0.5;15.09;720.0;0.0;0.0;57.43929214595911;0.500061916
1;0;2;0.8;28.08;10530.0;0.0;0.0;41.425382500410194;0.8
1;0;6;0.6;23.41;2520.0;0.0;1.0;45.235399389331235;0.601037091
1;0;14;0.75;19.87;6600.0;0.0;0.0;52.63997511014935;0.1875607575
0;1;14;0.8;3.94;1440.0;0.0;0.0;40.32884530857782;0.23785511375
0;1;14;0.8;3.94;1440.0;0.0;0.0;32.6927552402006;0.20893939399999997
1;0;3;0.75;29.4;4440.0;0.0;2.0;28.609408404098513;0.750716981
0;1;11;0.7;4.15;1440.0;0.0;0.0;42.622999797976156;0.409545455
1;0;1;0.7;22.94;10530.0;0.0;0.0;40.61984783963497;0.8009096090000001
1;0;4;0.75;26.82;5880.0;0.0;0.0;46.706782861032465;0.850084211
0;1;4;0.6;3.94;960.0;0.0;0.0;63.209619191407896;0.673083333
1;0;13;0.8;15.26;4080.0;0.0;0.0;85.34623195711569;0.999999
1;0;11;0.7;27.13;9540.0;0.0;0.0;47.35728057243109;0.582301029
0;1;14;0.7;3.94;3360.0;0.0;0.0;43.68889293960985;0.138857639
0;1;9;0.8;3.94;1440.0;0.0;0.0;31.334811647326852;0.8581439390000001
1;0;1;0.7;26.82;6960.0;0.0;0.0;46.78372619248685;0.750651724
0;1;14;0.8;3.94;1200.0;0.0;0.0;49.56436779527018;0.24050416675
1;0;9;0.75;18.79;6240.0;0.0;0.0;18.20914674806532;0.750395513
1;0;14;0.7;16.1;5400.0;0.0;1.0;55.29024849978519;0.175012963
1;0;5;0.8;30.1;7140.0;0.0;0.0;65.67888860510385;0.722568627
1;0;10;0.6;18.22;5280.0;0.0;1.0;71.30551370115299;0.35542803
0;1;8;0.35;4.15;960.0;0.0;0.0;37.14719946491404;0.703770833
1;0;8;0.75;29.4;4560.0;0.0;2.0;21.401440973544982;0.7504259259999999
0;1;3;0.8;4.6;0.0;0.0;0.0;41.39860756418535;0.795416667
1;0;10;0.75;22.52;10080.0;0.0;0.0;50.94284982251049;0.80062987
1;0;10;0.7;22.52;10080.0;0.0;0.0;48.820871303258414;0.800020563
0;1;5;0.7;3.94;1440.0;0.0;0.0;59.46399486185004;0.75885
0;1;8;0.8;2.9;1440.0;0.0;0.0;50.212812197732795;0.735984848
1;0;3;0.8;29.4;6840.0;0.0;0.0;34.19380665998724;0.800333333
0;1;5;0.7;4.15;240.0;0.0;0.0;55.700461391173576;0.87
0;1;9;0.75;2.9;1080.0;0.0;0.0;45.17349297213627;0.9290740740000001
0;1;12;0.8;4.08;1080.0;0.0;0.0;41.492957431346085;0.272
0;1;5;0.75;5.13;1920.0;0.0;0.0;54.188821098408106;0.631354167
0;1;9;0.75;2.9;960.0;0.0;0.0;57.464588997754745;0.4078125
1;0;10;0.8;22.52;6720.0;0.0;0.0;62.542765595279526;0.850532143
1;0;13;0.8;15.26;4080.0;0.0;0.0;40.51361449278468;0.999999
0;1;5;0.5;4.15;1440.0;0.0;0.0;48.226870474065905;0.609138258
1;0;4;0.35;30.1;6060.0;15.0;0.0;59.291201115328086;0.350706422
0;1;9;0.8;3.94;1800.0;0.0;0.0;42.97150381148539;0.582045455
1;0;14;0.8;26.16;10620.0;0.0;0.0;51.407769803885394;0.20002927574999999
1;0;14;0.65;22.53;5040.0;0.0;1.0;47.267760379913064;0.145282738
1;0;2;0.8;22.52;3660.0;0.0;0.0;61.803009839949766;0.80037492
0;1;9;0.75;3.94;240.0;0.0;0.0;37.42933734951016;0.971866667
1;0;13;0.8;11.61;4470.0;0.0;0.0;52.9095610571821;0.999999
0;1;2;0.8;3.94;2160.0;0.0;0.0;15.229214396281442;0.966759259
0;1;14;0.8;3.94;1200.0;0.0;0.0;64.05404595267834;0.22326666675
1;0;4;0.8;22.52;10170.0;0.0;0.0;55.680685347627005;0.850312684
0;1;1;0.75;3.94;960.0;0.0;0.0;59.409965754574046;0.880754167
1;0;13;0.8;11.61;15120.0;0.0;0.0;42.86280239326486;0.999999
0;1;14;0.75;3.94;1200.0;0.0;0.0;66.16636490187126;0.21341666675
0;1;6;0.8;2.9;960.0;0.0;0.0;41.536122128837626;0.3715625
0;1;6;0.7;2.9;960.0;0.0;0.0;38.593627214231546;0.531666667
0;1;9;0.8;3.94;960.0;0.0;0.0;44.118415624701235;0.586041667
1;0;12;0.8;15.26;4080.0;0.0;0.0;54.193125331388636;0.8004019609999999
0;1;5;0.35;3.94;2400.0;0.0;0.0;48.573387535995565;0.80575
1;0;3;0.75;29.4;6960.0;0.0;2.0;47.57330206891314;0.750206897
0;1;9;0.8;3.94;2400.0;0.0;0.0;41.64445928114419;0.827147436
1;0;8;0.7;30.1;5880.0;10.0;1.0;29.127649232589807;0.7005730990000001
1;0;3;0.8;22.52;6840.0;0.0;0.0;8.53449845977618;0.950185965
1;0;14;0.8;26.16;10620.0;0.0;0.0;38.897612157036264;0.20002927574999999
0;1;12;0.8;4.6;0.0;0.0;0.0;52.58930393542445;0.902962963
1;0;4;0.65;22.52;10080.0;0.0;0.0;52.16552989554639;0.650130952
0;1;13;0.8;4.08;1080.0;0.0;0.0;34.686191681948024;0.999999
1;0;10;0.7;22.52;10080.0;0.0;0.0;42.934700059484456;0.750057359
1;0;9;0.7;18.79;6000.0;0.0;1.0;50.770599652319866;0.60128
0;1;2;0.8;3.94;960.0;0.0;0.0;53.12909097488191;0.804416667
0;1;14;0.8;3.94;960.0;0.0;0.0;30.130030661766863;0.280109375
1;0;3;0.5;30.1;6960.0;0.0;1.0;89.65621114470967;0.500801724
1;0;11;0.7;20.1;6120.0;0.0;0.0;32.326034107115305;0.7005089290000001
0;1;4;0.7;3.94;960.0;0.0;0.0;50.05777691833358;0.812625
1;0;3;0.8;22.52;5400.0;0.0;0.0;42.47295614049493;0.800161172
1;0;4;0.75;22.52;10080.0;0.0;0.0;54.39333159160824;0.9005562770000001
1;0;13;0.8;15.26;1080.0;0.0;0.0;67.41771150649933;0.999999
0;1;14;0.7;3.94;1440.0;0.0;0.0;38.84810569058214;0.2425189395
0;1;9;0.8;3.94;1440.0;0.0;0.0;46.73656931492306;0.8581439390000001
0;1;6;0.7;2.9;960.0;0.0;0.0;52.150327936425555;0.9425
1;0;12;0.8;15.26;4080.0;0.0;0.0;34.403087277736276;0.8004019609999999
0;1;2;0.8;3.94;2160.0;0.0;0.0;29.627582460704925;0.8755555559999999
0;1;13;0.8;4.08;1080.0;0.0;0.0;42.35204051407986;0.999999
1;0;6;0.8;18.79;3960.0;0.0;0.0;27.408243180265828;0.688017677
1;0;13;0.8;15.26;4080.0;0.0;0.0;57.591880414432126;0.999999
0;1;6;0.8;2.9;960.0;0.0;0.0;48.13311635580143;0.6225
1;0;8;0.5;30.1;6960.0;0.0;1.0;56.79374605325847;0.39354885100000003
0;1;10;0.8;3.94;3420.0;0.0;0.0;52.61141632847874;0.953110048
0;1;6;0.8;2.9;1440.0;0.0;0.0;28.700169328679635;0.9368611109999999
0;1;1;0.75;3.94;1200.0;0.0;0.0;51.68196792104707;0.9456
0;1;8;0.8;4.6;3600.0;0.0;0.0;45.11528867045048;0.5907407410000001
1;0;7;0.8;25.9;10170.0;0.0;0.0;37.115357089335276;0.850136766
1;0;4;0.8;30.1;5820.0;0.0;1.0;46.79362511893247;0.80000295
1;0;6;0.8;11.41;4380.0;0.0;0.0;50.515523211708015;0.800358775
0;1;2;0.8;3.94;2640.0;0.0;0.0;47.77570858530894;0.9999242420000001
1;0;5;0.7;20.79;7320.0;0.0;0.0;46.4878187145936;0.700095563
0;1;8;0.7;3.9;960.0;0.0;0.0;85.30274432628954;0.625625
1;0;14;0.75;19.87;6000.0;0.0;0.0;44.4683103098766;0.18827438275
1;0;11;0.6;14.89;10080.0;0.0;0.0;72.58286846226142;0.6002732679999999
0;1;14;0.75;3.94;960.0;0.0;0.0;64.54732962493938;0.18879166675
0;1;3;0.8;4.6;1440.0;0.0;0.0;56.6771932237395;0.8113888890000001
0;1;12;0.7;4.15;1080.0;0.0;0.0;67.69643650602742;0.823555556
0;1;14;0.7;3.9;960.0;0.0;0.0;51.12710262694336;0.18525
1;0;6;0.65;18.79;3960.0;0.0;0.0;55.16782365934749;0.651007071
1;0;6;0.8;11.41;5490.0;0.0;0.0;32.51708056240108;0.8003437659999999
1;0;10;0.8;22.52;6720.0;0.0;0.0;42.88534940476105;0.999995238
1;0;1;0.5;26.66;6840.0;0.0;2.0;50.26130246070628;0.5503497079999999
1;0;2;0.7;22.94;10620.0;0.0;0.0;18.742599133072368;0.8003027909999999
0;1;14;0.8;3.94;960.0;0.0;0.0;49.30411693281307;0.22572916675000002
1;0;13;0.8;15.26;4080.0;0.0;0.0;54.193125331388636;0.999999
1;0;13;0.7;15.26;6120.0;0.0;0.0;50.09065416450986;0.999999
0;1;14;0.8;3.94;1440.0;0.0;0.0;56.2997404328998;0.22106534100000003
0;1;13;0.8;4.08;1080.0;0.0;0.0;56.39155164259864;0.999999
1;0;14;0.7;30.33;6960.0;0.0;1.0;41.15317648193562;0.1655948275
1;0;2;0.7;30.33;6840.0;0.0;1.0;55.123667348308;0.7006052629999999
0;1;4;0.65;3.94;960.0;0.0;0.0;61.829378647778526;0.8068791670000001
1;0;12;0.8;15.26;4080.0;0.0;0.0;85.34623195711569;0.8004019609999999
1;0;7;0.75;30.1;5640.0;0.0;1.0;50.970637757446546;0.7507273259999999
1;0;9;0.8;22.52;6960.0;0.0;0.0;37.03554390166347;0.7999632179999999
1;0;2;0.7;16.1;5400.0;0.0;1.0;55.29024849978519;0.700051852
0;1;13;0.75;4.08;1080.0;0.0;0.0;48.80057736019191;0.999999
0;1;8;0.7;5.13;1920.0;0.0;0.0;43.09256915418526;0.672135417
1;0;8;0.8;25.9;10170.0;0.0;0.0;70.1141295563281;0.850136766
0;1;11;0.6;2.9;960.0;0.0;0.0;59.01317364189871;0.864583333
0;1;2;0.7;3.94;5100.0;0.0;0.0;54.18961722102821;0.912202112
0;1;13;0.8;5.13;1080.0;0.0;0.0;75.3703388464055;0.999999
0;1;2;0.7;3.9;960.0;0.0;0.0;34.68378630516845;0.325
0;1;12;0.8;4.08;1080.0;0.0;0.0;40.89584272026368;0.906666667
1;0;9;0.75;18.79;5640.0;0.0;1.0;31.83447406087094;0.750371895
1;0;13;0.8;15.26;4080.0;0.0;0.0;54.63204462021385;0.999999
1;0;4;0.8;30.1;7080.0;0.0;2.0;65.67803289470855;0.495617514
1;0;14;0.8;26.16;10620.0;0.0;0.0;62.30554712804353;0.21262557775
1;0;14;0.7;30.33;1800.0;0.0;0.0;71.95038602787197;0.17088765175
1;0;10;0.8;22.52;0.0;0.0;0.0;46.944194928207295;0.850364583
0;1;4;0.75;3.94;0.0;0.0;0.0;42.512814341743486;0.7953875
0;1;9;0.75;3.94;960.0;0.0;0.0;57.7563195508782;0.994270833
1;0;7;0.8;25.9;6720.0;0.0;0.0;48.24196737455034;0.800125
1;0;12;0.8;15.26;4080.0;0.0;0.0;44.14915481146285;0.8004019609999999
0;1;14;0.7;3.94;15000.0;0.0;0.0;34.68759241147207;0.1624155555
1;0;1;0.8;26.16;10620.0;0.0;0.0;39.00178281245402;0.850502311
1;0;14;0.8;26.16;10620.0;0.0;0.0;39.00178281245402;0.21262557775
1;0;11;0.75;10.05;3240.0;0.0;0.0;56.326739488898085;0.750027778
1;0;7;0.6;30.48;6840.0;0.0;1.0;47.89582956808687;0.630402924
1;0;7;0.7;22.52;10170.0;0.0;0.0;50.82042084309609;0.7005416999999999
1;0;7;0.8;25.9;10170.0;0.0;0.0;42.30291109911051;0.850136766
1;0;4;0.5;22.4;10170.0;0.0;0.0;54.56896464015992;0.500380799
1;0;14;0.7;22.94;12180.0;0.0;0.0;55.13595416151473;0.18754059175
0;1;7;0.8;2.9;960.0;0.0;0.0;49.96393024425988;0.5407291670000001
1;0;14;0.8;26.16;10620.0;0.0;0.0;29.059600443976386;0.21262557775
1;0;2;0.4;15.28;5400.0;30.0;1.0;27.222748569593044;0.30277037
0;1;4;0.8;3.94;3840.0;0.0;0.0;36.964117361791686;0.893663194
0;1;14;0.75;3.94;1920.0;0.0;0.0;40.721527939370375;0.20315625
0;1;11;0.8;4.15;1440.0;0.0;0.0;29.615313071614423;0.668087121
1;0;11;0.8;19.31;4800.0;0.0;0.0;42.958309023257875;0.800250962
1;0;13;0.8;15.26;4080.0;0.0;0.0;44.487769678401094;0.999999
0;1;6;0.6;2.9;1200.0;0.0;0.0;49.4852921877757;0.314166667
0;1;9;0.8;3.94;960.0;0.0;0.0;49.28013657836413;0.549791667
1;0;2;0.6;30.33;6840.0;0.0;1.0;65.18731051717579;0.328131579
0;1;12;0.8;5.13;2400.0;0.0;0.0;63.95633497144615;0.78375
1;0;9;0.7;29.12;6960.0;0.0;0.0;60.57679629834672;0.7505931029999999
0;1;8;0.8;2.9;960.0;0.0;0.0;59.15514952039334;0.6645833329999999
0;1;9;0.8;3.94;960.0;0.0;0.0;68.64494698486125;0.697708333
1;0;5;0.7;27.48;6960.0;0.0;0.0;39.327168426653884;0.7004241379999999
1;0;14;0.8;28.08;10530.0;0.0;0.0;41.425382500410194;0.2
0;1;11;0.8;2.9;960.0;0.0;0.0;40.894967117997766;0.758229167
1;0;14;0.75;22.94;6960.0;0.0;0.0;35.433839904829526;0.21259051725000003
1;0;4;0.75;30.1;7020.0;0.0;1.0;72.21961701684118;0.750356125
0;1;2;0.75;3.9;1920.0;0.0;0.0;67.17454811747879;0.8192708329999999
1;0;5;0.7;30.1;7020.0;0.0;0.0;50.98835446161864;0.700618234
0;1;10;0.8;3.94;1440.0;0.0;0.0;51.401805936943994;0.979527778
1;0;14;0.7;26.82;6960.0;0.0;0.0;46.78372619248685;0.187662931
1;0;12;0.8;11.61;6975.0;0.0;0.0;60.23910978814682;0.800030199
1;0;4;0.8;28.08;6900.0;0.0;0.0;66.80623088143491;0.800076522
0;1;2;0.6;3.9;960.0;0.0;0.0;65.59853296796798;0.950625
1;0;1;0.8;22.52;6780.0;0.0;0.0;33.22707897762351;0.900135693
0;1;6;0.75;2.9;3360.0;0.0;0.0;52.91887957106961;0.309333333
1;0;8;0.8;25.9;10260.0;0.0;0.0;52.64512537680536;0.850252525
1;0;2;0.7;30.33;1680.0;0.0;1.0;59.12017213570682;0.700623
1;0;6;0.75;18.79;3960.0;0.0;0.0;59.28836582822241;0.75065101
0;1;7;0.8;4.6;6000.0;0.0;0.0;41.78983804134846;0.825444444
0;1;4;0.8;3.94;4440.0;0.0;0.0;39.357433020540036;0.966781346
1;0;14;0.75;26.82;7080.0;0.0;0.0;47.9779196595379;0.22501525425000002
1;0;6;0.75;18.79;3960.0;0.0;0.0;38.163635949320366;0.75065101
1;0;1;0.8;26.16;10620.0;0.0;0.0;29.059600443976386;0.850502311
0;1;2;0.65;3.9;1920.0;0.0;0.0;34.40672153535205;0.528125
1;0;11;0.8;11.61;0.0;20.0;0.0;48.912839056392855;0.6824330359999999
1;0;11;0.75;19.31;9900.0;0.0;0.0;49.82211174905206;0.7500578509999999
1;0;13;0.8;11.61;4950.0;0.0;0.0;55.4472632415004;0.999999
0;1;4;0.8;3.94;12600.0;0.0;0.0;74.37068003058386;0.919905405
1;0;7;0.8;25.9;10170.0;0.0;0.0;24.642950221659056;0.850136766
1;0;7;0.6;23.54;6600.0;0.0;0.0;48.48460070614302;0.285333333
0;1;6;0.8;2.9;960.0;0.0;0.0;49.626637321297636;0.8319375
1;0;14;0.75;22.94;6960.0;0.0;0.0;49.06931509787104;0.21259051725000003
1;0;14;0.8;22.52;3840.0;0.0;0.0;50.89264879744975;0.20011762824999998
1;0;13;0.75;15.26;4200.0;0.0;0.0;41.63147243498228;0.999999
1;0;3;0.7;30.1;6960.0;0.0;1.0;54.91101890649275;0.700603448
1;0;12;0.8;11.61;5310.0;0.0;0.0;40.388590626123516;0.8001409690000001
1;0;6;0.75;20.2;3120.0;0.0;0.0;33.10072324102756;0.750212553
0;1;9;0.8;3.94;960.0;0.0;0.0;50.64465101912186;0.54175
0;1;14;0.75;3.94;960.0;0.0;0.0;52.19624448736608;0.22265104175
1;0;1;0.8;26.16;10620.0;0.0;0.0;38.897612157036264;0.8001171029999999
0;1;3;0.75;4.15;1920.0;0.0;0.0;59.982663667533615;0.875390625
1;0;10;0.75;19.31;6480.0;0.0;0.0;69.22059812517571;0.712205247
1;0;13;0.8;15.26;4080.0;0.0;0.0;47.99246429311398;0.999999
0;1;14;0.75;3.94;1800.0;0.0;0.0;67.15767449453477;0.22759469699999998
1;0;14;0.8;22.52;6900.0;0.0;0.0;49.8350765441412;0.25000463775
0;1;9;0.8;3.94;2400.0;0.0;0.0;39.01390839820014;0.753525
1;0;3;0.65;30.1;600.0;0.0;1.0;42.40205613821336;0.802243319
0;1;3;0.8;3.94;960.0;0.0;0.0;56.474390317504906;0.4925
1;0;4;0.7;22.52;10170.0;0.0;0.0;67.2089066095232;0.7005416999999999
1;0;11;0.75;10.05;0.0;0.0;0.0;60.31036826705171;0.750648148
0;1;12;0.8;2.9;1440.0;0.0;0.0;70.17304649222766;0.793844697
0;1;5;0.5;4.15;1440.0;0.0;0.0;57.02009346832482;0.337973485
0;1;11;0.65;4.15;2160.0;0.0;0.0;48.96412158427202;0.8383838379999999
0;1;3;0.75;3.94;1440.0;0.0;0.0;69.91939907019716;0.861875
0;1;7;0.8;3.94;960.0;0.0;0.0;57.56077946785644;0.676666667
1;0;13;0.8;15.26;2880.0;0.0;0.0;61.65744225208754;0.999999
1;0;9;0.75;18.79;6240.0;0.0;0.0;64.2051792041979;0.750395513
1;0;14;0.8;28.08;10530.0;0.0;0.0;34.3577430930991;0.2
1;0;8;0.35;30.1;6960.0;0.0;1.0;50.148091552102656;0.350301724
0;1;6;0.8;2.9;4800.0;0.0;0.0;48.7879111403668;0.626822917
0;1;14;0.8;3.94;2160.0;0.0;0.0;29.627582460704925;0.21888888899999998
0;1;10;0.75;3.94;1800.0;0.0;0.0;34.41958188286948;0.937242424
1;0;8;0.7;24.26;6660.0;0.0;0.0;29.53717987801292;0.586465465
1;0;1;0.8;26.16;7080.0;0.0;0.0;41.135239894121405;0.8003186440000001
0;1;5;0.7;4.15;240.0;0.0;0.0;53.53453695706671;0.58
0;1;6;0.8;2.9;1440.0;0.0;0.0;5.672828636511667;0.597348485
1;0;8;0.7;29.4;6840.0;0.0;2.0;46.60205273172982;0.700614035
1;0;10;0.8;22.52;6720.0;0.0;0.0;42.31640003092324;0.999995238
1;0;6;0.75;18.79;3960.0;0.0;0.0;69.95999992683234;0.75065101
0;1;1;0.8;3.94;1440.0;0.0;0.0;41.89553764641319;0.7962083329999999
0;1;10;0.75;3.94;1440.0;0.0;0.0;51.24702579585267;0.779791667
0;1;2;0.75;3.94;1440.0;0.0;0.0;46.346678034161286;0.970075758
0;1;11;0.7;4.15;1440.0;0.0;0.0;37.612800297306435;0.436326389
1;0;4;0.7;30.1;3300.0;0.0;1.0;53.27438156884798;0.7900032359999999
1;0;7;0.8;25.9;10170.0;0.0;0.0;51.82266524182844;0.800128721
0;1;1;0.7;3.94;960.0;0.0;0.0;51.52972993480422;0.8068791670000001
0;1;8;0.8;2.9;1440.0;0.0;0.0;67.08502305143404;0.639867424
1;0;14;0.8;28.08;10350.0;0.0;0.0;36.46514468290262;0.2001486165
0;1;2;0.7;3.9;1200.0;0.0;0.0;59.736894549116855;0.884
0;1;10;0.7;2.9;1800.0;0.0;0.0;48.66266739277409;0.902222222
1;0;14;0.8;22.52;6900.0;0.0;0.0;58.51492052834934;0.25000463775
1;0;5;0.65;21.98;10440.0;0.0;0.0;60.52828369934377;0.649983281
1;0;12;0.8;15.26;4080.0;0.0;0.0;78.04145617757405;0.8004019609999999
0;1;10;0.7;2.9;3360.0;0.0;0.0;43.7358061331229;0.41083333299999997
1;0;8;0.8;25.9;3630.0;0.0;0.0;37.15283831623927;0.800162602
0;1;13;0.75;4.08;1080.0;0.0;0.0;67.53765209101802;0.999999
1;0;2;0.7;30.33;6960.0;0.0;1.0;41.15317648193562;0.66237931
0;1;14;0.8;3.94;2160.0;0.0;0.0;42.93821987403507;0.24625
0;1;3;0.8;4.6;1200.0;0.0;0.0;34.46937061843525;0.9391666670000001
1;0;11;0.7;14.89;10260.0;0.0;0.0;36.0983876327151;0.700170388
0;1;4;0.8;3.94;1200.0;0.0;0.0;49.72487367866961;0.971866667
0;1;4;0.8;4.3;960.0;0.0;0.0;54.562743458329784;0.44791666700000005
1;0;5;0.8;11.61;7080.0;0.0;0.0;54.904246333478916;0.800148649
1;0;12;0.8;15.26;4080.0;0.0;0.0;56.99523363406904;0.8004019609999999
1;0;13;0.35;15.26;6120.0;0.0;0.0;20.122262814612647;0.999999
1;0;5;0.65;20.79;7080.0;0.0;0.0;33.283823670905235;0.800473729
1;0;3;0.8;19.87;6420.0;0.0;0.0;37.73626243793054;0.690182815
1;0;1;0.6;22.53;5040.0;0.0;1.0;32.53561517375421;0.268214286
0;1;5;0.8;4.6;7560.0;0.0;0.0;35.68137984783593;0.921604938
1;0;2;0.75;19.87;6600.0;0.0;0.0;52.63997511014935;0.75024303
1;0;14;0.8;22.52;6840.0;0.0;0.0;72.99926288975664;0.25005760225
0;1;9;0.75;2.9;1800.0;0.0;0.0;55.225592186723325;0.821666667
1;0;14;0.8;22.52;6780.0;0.0;0.0;57.967905603003494;0.22503392325
1;0;9;0.8;26.16;10620.0;0.0;0.0;36.97989750248837;0.8511741140000001
0;1;9;0.75;2.9;960.0;0.0;0.0;37.97515682639877;0.4078125
1;0;9;0.75;29.12;6960.0;0.0;0.0;65.4168141213447;0.7505931029999999
0;1;4;0.8;3.94;6600.0;0.0;0.0;41.25509761248621;0.8616790120000001
1;0;5;0.7;27.48;6840.0;0.0;0.0;35.580643847926495;0.7006596490000001
1;0;8;0.75;29.4;6840.0;0.0;0.0;62.94380175465203;0.750473684
0;1;13;0.8;4.6;3780.0;0.0;0.0;41.22707077728883;0.999999
1;0;6;0.75;18.79;3360.0;0.0;0.0;56.1408787539924;0.7506213540000001
1;0;9;0.7;29.12;6960.0;0.0;0.0;82.43904138395442;0.850170115
1;0;12;0.8;15.26;4080.0;0.0;0.0;53.93587158384896;0.8004019609999999
0;1;9;0.8;3.94;1440.0;0.0;0.0;60.62533271687812;0.891723485
0;1;1;0.8;3.94;1440.0;0.0;0.0;67.22891295720675;0.853666667
1;0;2;0.8;28.08;10050.0;0.0;0.0;56.9409034886549;0.8004972459999999
1;0;6;0.8;11.41;14640.0;0.0;0.0;58.17873886984255;0.800024932
0;1;14;0.8;3.94;1200.0;0.0;0.0;70.69016868566516;0.24296666675
1;0;1;0.8;28.08;6300.0;0.0;0.0;47.57493525909692;0.800725314
1;0;1;0.65;22.94;10260.0;0.0;0.0;37.970576009086145;0.700029771
0;1;10;0.75;3.94;3780.0;0.0;0.0;54.47652703516525;0.997792208
1;0;9;0.75;18.79;6240.0;0.0;1.0;51.21830224834636;0.750395513
0;1;14;0.7;3.9;960.0;0.0;0.0;44.14339247343555;0.139140625
1;0;2;0.8;28.08;10530.0;0.0;0.0;34.3577430930991;0.8
1;0;9;0.8;29.12;6960.0;0.0;0.0;47.57471332299142;0.7999632179999999
1;0;1;0.75;26.82;7140.0;0.0;0.0;30.423607102277018;0.8504268909999999
0;1;14;0.8;3.94;1800.0;0.0;0.0;33.7085253698529;0.24522727274999997
1;0;10;0.8;22.52;6720.0;0.0;0.0;51.193639043655054;0.920236905
1;0;6;0.35;18.79;1800.0;0.0;0.0;40.91218829209695;0.43799533799999996
0;1;1;0.8;3.94;1440.0;0.0;0.0;47.3807889949041;0.951420455
0;1;7;0.8;2.9;1440.0;0.0;0.0;35.66648235116854;0.681060606
0;1;9;0.8;3.94;1800.0;0.0;0.0;45.991778922255314;0.82680303
1;0;8;0.8;25.9;6780.0;0.0;0.0;30.54160517854055;0.8006843659999999
1;0;5;0.7;30.1;6960.0;0.0;0.0;58.764631143950794;0.562212644
1;0;1;0.8;22.52;3840.0;0.0;0.0;50.89264879744975;0.8004705129999999
0;1;2;0.75;3.94;960.0;0.0;0.0;64.54732962493938;0.755166667
1;0;9;0.7;28.08;6900.0;0.0;0.0;76.29657811673201;0.699965217
1;0;14;0.8;28.08;10050.0;0.0;0.0;56.9409034886549;0.20012431149999999
0;1;13;0.7;4.15;1080.0;0.0;0.0;67.69643650602742;0.999999
0;1;2;0.8;3.94;1440.0;0.0;0.0;32.6927552402006;0.8357575759999999
0;1;14;0.7;3.9;960.0;0.0;0.0;53.450729195129256;0.14625
0;1;8;0.8;2.9;720.0;0.0;0.0;38.27223424958778;0.329545455
0;1;6;0.8;2.9;1800.0;0.0;0.0;48.548677626755456;0.804848485
1;0;4;0.7;22.52;10170.0;0.0;0.0;56.53171780320705;0.7005416999999999
1;0;13;0.8;15.26;1700.0;0.0;0.0;52.70553828947072;0.999999
0;1;5;0.7;4.15;9000.0;0.0;0.0;52.00422094782725;0.742901235
1;0;11;0.65;14.89;10260.0;0.0;0.0;25.609808886153214;0.650299575
1;0;8;0.7;29.4;4560.0;0.0;2.0;34.36406736266334;0.7005185190000001
1;0;14;0.8;22.52;6840.0;0.0;0.0;51.84863682378085;0.25005760225
1;0;14;0.7;30.33;1680.0;0.0;1.0;59.12017213570682;0.17515575
0;1;10;0.7;2.9;3360.0;0.0;0.0;54.24358750272077;0.632361111
1;0;3;0.8;22.52;6840.0;0.0;0.0;58.573983477117594;0.950185965
1;0;12;0.8;15.26;4080.0;0.0;0.0;44.3313472394411;0.8004019609999999
0;1;11;0.6;2.9;1200.0;0.0;0.0;55.04841329895758;0.715333333
1;0;14;0.6;15.28;1320.0;0.0;1.0;43.194062488373085;0.15002478625
1;0;8;0.65;15.09;240.0;0.0;0.0;45.308813852826525;0.6503071429999999
0;1;5;0.7;4.15;3840.0;0.0;0.0;41.51927107929169;0.8213541670000001
0;1;13;0.7;4.08;1620.0;0.0;0.0;46.742132111115524;0.999999
0;1;3;0.8;4.6;6300.0;0.0;0.0;36.76310790206082;0.921703704
0;1;9;0.8;3.94;1200.0;0.0;0.0;67.68969241412437;0.960433333
1;0;3;0.75;29.4;6840.0;0.0;2.0;78.35701239949353;0.750473684
0;1;14;0.8;3.94;1200.0;0.0;0.0;45.84826714150552;0.19333333325
0;1;14;0.75;3.94;1440.0;0.0;0.0;46.346678034161286;0.2425189395
0;1;14;0.7;3.94;960.0;0.0;0.0;25.1446071574225;0.16621875
1;0;14;0.75;26.82;7080.0;0.0;0.0;34.39284780297503;0.18751271175
0;1;2;0.8;3.94;1440.0;0.0;0.0;42.5294192199833;0.8208333329999999
0;1;9;0.8;2.9;960.0;0.0;0.0;56.883730526201276;0.3715625
0;1;10;0.75;3.94;3420.0;0.0;0.0;53.573978078747004;0.955151515
0;1;6;0.75;2.9;3360.0;0.0;0.0;29.270234337727054;0.271875
1;0;9;0.8;26.16;10620.0;0.0;0.0;41.23542289940549;0.8001171029999999
0;1;8;0.65;3.9;0.0;0.0;0.0;61.071074010137764;0.2640625
0;1;13;0.8;4.08;1080.0;0.0;0.0;46.58768833957072;0.999999
0;1;9;0.8;3.94;1440.0;0.0;0.0;31.707725006202274;0.8581439390000001
1;0;14;0.7;30.33;2160.0;0.0;1.0;38.546740034171854;0.17515575
1;0;8;0.7;24.26;6840.0;0.0;0.0;19.292698899308295;0.353259649
1;0;9;0.7;18.79;3240.0;0.0;1.0;59.37554119437741;0.6270111829999999
0;1;6;0.75;2.9;960.0;0.0;0.0;52.33209078113541;0.888125
0;1;2;0.8;3.94;1800.0;0.0;0.0;25.637735675872293;0.902222222
1;0;12;0.8;15.26;2040.0;0.0;0.0;50.53232273766929;0.800259023
0;1;9;0.75;2.9;960.0;0.0;0.0;57.10215502435537;0.44708333299999997
0;1;13;0.7;4.08;1620.0;0.0;0.0;18.4737785564704;0.999999
1;0;14;0.4;15.28;5400.0;30.0;1.0;27.222748569593044;0.0756925925
1;0;10;0.5;22.4;3390.0;0.0;0.0;48.13765775616415;0.49998033399999997
1;0;10;0.8;22.52;6720.0;0.0;0.0;37.646378793086456;0.900129762
0;1;9;0.8;3.94;960.0;0.0;0.0;59.63990869835621;0.656666667
1;0;8;0.8;25.9;10170.0;0.0;0.0;67.4825943515626;0.850136766
1;0;10;0.8;28.08;10530.0;0.0;0.0;40.95286384819439;0.8
0;1;1;0.8;3.94;1440.0;0.0;0.0;48.55941464561201;0.955151515
1;0;14;0.8;22.52;6780.0;0.0;0.0;33.22707897762351;0.22503392325
0;1;7;0.65;3.94;1440.0;0.0;0.0;41.214374517588155;0.646306818
0;1;8;0.8;2.9;1440.0;0.0;0.0;55.50493636792012;0.628882576
1;0;14;0.8;22.52;3600.0;0.0;0.0;53.79007602050877;0.22512726100000002
1;0;1;0.7;22.94;10260.0;0.0;0.0;64.03768726373887;0.800643806
0;1;7;0.8;2.9;1440.0;0.0;0.0;50.775143345165404;0.837594697
1;0;4;0.65;26.66;6780.0;0.0;0.0;36.144605770086876;0.750254867
1;0;5;0.7;20.4;10440.0;0.0;0.0;49.741500656917786;0.750344828
1;0;13;0.8;26.87;5670.0;0.0;0.0;87.7153649592814;0.999999
0;1;14;0.8;5.13;1800.0;0.0;0.0;52.61243653460894;0.14535
1;0;5;0.8;11.41;3660.0;0.0;0.0;55.701601835733115;0.7070459020000001
0;1;2;0.8;4.15;960.0;0.0;0.0;56.4529451990871;0.782447917
1;0;8;0.35;15.09;9360.0;0.0;0.0;52.71112746551815;0.34998951
1;0;10;0.8;22.52;6720.0;0.0;0.0;49.45964205906928;0.850532143
1;0;11;0.65;20.1;6480.0;0.0;0.0;55.75820504190273;0.650148148
1;0;6;0.8;18.79;4080.0;0.0;0.0;52.51638831491317;0.557252451
0;1;14;0.65;3.9;1920.0;0.0;0.0;34.40672153535205;0.13203125
0;1;7;0.8;3.94;960.0;0.0;0.0;49.13580831512056;0.6253125
1;0;4;0.5;26.66;6960.0;0.0;2.0;41.06918450486486;0.500258046
0;1;5;0.7;4.6;960.0;0.0;0.0;43.75981181406627;0.5920833329999999
0;1;13;0.8;4.6;0.0;0.0;0.0;52.58930393542445;0.999999
0;1;14;0.8;3.94;2160.0;0.0;0.0;15.229214396281442;0.24168981475
0;1;2;0.8;3.94;1440.0;0.0;0.0;24.7999500212054;0.8171022729999999
0;1;3;0.5;4.15;960.0;0.0;0.0;30.767114242119145;0.864583333
1;0;12;0.75;15.26;3600.0;0.0;0.0;34.74945997100176;0.7502833329999999
1;0;4;0.8;30.1;4080.0;0.0;1.0;38.398597063223185;0.800808642
0;1;8;0.8;2.9;1440.0;0.0;0.0;40.541190850656974;0.653598485
0;1;11;0.75;4.15;960.0;0.0;0.0;76.66079905964256;0.34583333299999997
0;1;10;0.75;2.9;960.0;0.0;0.0;69.26341665855043;0.763375
0;1;13;0.8;4.08;1080.0;0.0;0.0;56.654247056905376;0.999999
1;0;6;0.7;18.79;4020.0;0.0;0.0;46.55215232460428;0.700184577
1;0;7;0.7;24.26;6720.0;0.0;0.0;48.42665347709411;0.541517857
1;0;9;0.75;29.12;6960.0;0.0;0.0;43.55321203756681;0.7505931029999999
1;0;9;0.75;18.79;5640.0;0.0;0.0;75.90877924504183;0.750371895
0;1;14;0.75;3.9;1920.0;0.0;0.0;67.17454811747879;0.20481770824999998
0;1;7;0.8;2.9;1440.0;0.0;0.0;60.47347816224869;0.61625
0;1;12;0.75;4.08;1080.0;0.0;0.0;48.80057736019191;0.702666667
1;0;11;0.5;20.1;5880.0;0.0;0.0;43.14929299616387;0.5005673079999999
1;0;10;0.75;21.82;6000.0;0.0;0.0;49.53502372879198;0.7506079999999999
1;0;11;0.7;20.55;6480.0;0.0;0.0;49.203356866965066;0.700398148
1;0;2;0.8;28.08;10350.0;0.0;0.0;36.46514468290262;0.800594466
1;0;10;0.7;28.08;6900.0;0.0;0.0;63.1790974857225;0.699965217
1;0;12;0.8;15.26;4080.0;0.0;0.0;55.267669229489194;0.8004019609999999
0;1;14;0.8;3.94;1800.0;0.0;0.0;25.637735675872293;0.2255555555
1;0;4;0.8;30.1;6480.0;0.0;1.0;45.55230889528112;0.800071839
1;0;8;0.6;30.1;4560.0;0.0;1.0;33.147518840119076;0.714410494
1;0;1;0.8;22.52;6900.0;0.0;0.0;47.08347730763027;0.900147246
0;1;1;0.7;3.94;960.0;0.0;0.0;39.61396879446381;0.812625
0;1;13;0.75;4.08;1080.0;0.0;0.0;50.4980819666602;0.999999
1;0;13;0.8;11.41;3660.0;0.0;0.0;49.36269762967754;0.999999
1;0;14;0.5;22.94;9810.0;0.0;0.0;34.70236325383205;0.124999722
1;0;1;0.35;26.66;6600.0;0.0;2.0;59.02220418652043;0.378895152
1;0;7;0.8;25.9;10170.0;0.0;0.0;63.34553777940589;0.800128721
1;0;13;0.8;11.61;5670.0;0.0;0.0;30.175107971491023;0.999999
1;0;10;0.7;21.25;6000.0;0.0;1.0;53.14835256613053;0.456875
0;1;4;0.8;3.94;4440.0;0.0;0.0;72.40559016104962;0.827186544
0;1;6;0.75;2.9;1800.0;0.0;0.0;44.17883573825145;0.726933333
1;0;6;0.8;11.61;4470.0;0.0;0.0;40.09065596759352;0.80007657
0;1;4;0.8;4.3;1440.0;0.0;0.0;21.17150091828193;0.5375
1;0;14;0.6;30.33;6840.0;0.0;1.0;65.18731051717579;0.08203289475
0;1;10;0.8;3.94;960.0;0.0;0.0;67.68538903037819;0.7715833329999999
0;1;6;0.6;3.94;1200.0;0.0;0.0;43.87675596199421;0.971866667
1;0;7;0.65;22.52;10170.0;0.0;0.0;47.69292374951554;0.650416734
0;1;7;0.65;3.9;960.0;0.0;0.0;65.83021146724326;0.625625
1;0;6;0.8;11.61;5670.0;0.0;0.0;63.0128348433601;0.8002467529999999
1;0;8;0.6;24.26;6600.0;0.0;0.0;82.77544547020665;0.46682121200000004
1;0;6;0.75;18.79;3960.0;0.0;0.0;22.633218441258396;0.75065101
1;0;9;0.6;29.12;6660.0;0.0;0.0;18.767573464177907;0.600125217
1;0;2;0.7;22.94;10260.0;0.0;0.0;44.8729857059135;0.7500318979999999
0;1;14;0.75;3.94;1200.0;0.0;0.0;51.68196792104707;0.2364
1;0;14;0.35;26.66;6600.0;0.0;2.0;59.02220418652043;0.094723788
0;1;13;0.8;4.08;1080.0;0.0;0.0;49.42145709304485;0.999999
0;1;4;0.75;3.94;960.0;0.0;0.0;67.18682573928591;0.890604167
1;0;7;0.8;25.9;10170.0;0.0;0.0;55.13186079094872;0.850136766
0;1;9;0.75;3.94;1320.0;0.0;0.0;34.40657867930598;0.919954545
1;0;14;0.8;22.52;3660.0;0.0;0.0;61.803009839949766;0.20009373
0;1;14;0.8;3.94;3000.0;0.0;0.0;46.37181953797889;0.26266666675
0;1;3;0.5;5.13;960.0;0.0;0.0;48.31491209569075;0.2565
0;1;7;0.65;3.94;2160.0;0.0;0.0;40.344342545323535;0.8705808079999999
1;0;6;0.5;23.41;2280.0;0.0;1.0;49.00605670131561;0.500528095
0;1;14;0.75;3.94;2280.0;0.0;0.0;52.144549944864515;0.12614912275
0;1;6;0.8;2.9;960.0;0.0;0.0;53.206146937268976;0.773333333
1;0;7;0.6;30.1;3360.0;0.0;1.0;51.73097930017268;0.6000705129999999
1;0;4;0.7;30.1;5940.0;0.0;1.0;76.80317696648525;0.7005884059999999
1;0;5;0.65;20.4;8280.0;0.0;0.0;48.14709894760516;0.650066445
0;1;10;0.8;3.94;1200.0;0.0;0.0;61.33171047662699;0.840533333
1;0;3;0.8;30.1;6960.0;0.0;1.0;43.5425746049115;0.800071839
1;0;3;0.8;28.08;6540.0;0.0;0.0;52.75283482716863;0.8003229359999999
1;0;10;0.7;21.82;3240.0;0.0;1.0;47.5670149387926;0.700251773
1;0;5;0.5;27.48;6840.0;0.0;1.0;48.66753142561345;0.550403509
1;0;10;0.8;22.52;6720.0;0.0;0.0;47.02663415565796;0.9008
1;0;8;0.8;25.9;6780.0;0.0;0.0;74.90955792657408;0.8503451329999999
0;1;7;0.7;4.15;1800.0;0.0;0.0;55.396842262071765;0.929277778
1;0;9;0.8;26.16;10620.0;0.0;0.0;28.13411124181302;0.850502311
1;0;9;0.8;26.16;10620.0;0.0;0.0;40.878132190346435;0.850502311
1;0;8;0.8;25.9;8970.0;0.0;0.0;45.6646406765812;0.8504156279999999
0;1;8;0.7;5.13;960.0;0.0;0.0;43.59796435006828;0.58
1;0;2;0.8;22.52;6960.0;0.0;0.0;47.78827021301075;0.9499816090000001
1;0;11;0.8;11.41;3420.0;0.0;0.0;41.40661865411618;0.800034503
0;1;10;0.8;3.94;960.0;0.0;0.0;36.04790064025451;0.385791667
1;0;4;0.7;22.52;10260.0;0.0;0.0;59.239285507098955;0.750068049
1;0;9;0.8;26.16;10620.0;0.0;0.0;50.69039596530732;0.850502311
0;1;8;0.65;4.15;960.0;0.0;0.0;52.06112036808242;0.5619791670000001
1;0;10;0.7;19.68;5640.0;35.0;1.0;42.622450933807215;0.303574468
0;1;5;0.75;4.15;240.0;0.0;0.0;65.98552365896822;0.760833333
1;0;3;0.75;19.87;6600.0;0.0;0.0;31.2293444113124;0.75024303
1;0;14;0.8;22.52;3960.0;0.0;0.0;47.6145546183032;0.20006992325
1;0;3;0.8;19.87;9900.0;0.0;0.0;57.323981275946;0.8002738290000001
1;0;2;0.75;16.1;5400.0;0.0;1.0;32.91808877855155;0.7501407409999999
1;0;10;0.7;21.82;6000.0;0.0;0.0;63.829002716524585;0.700422
1;0;14;0.8;22.52;6840.0;0.0;0.0;35.39916946342757;0.25005760225
1;0;5;0.8;30.1;7140.0;0.0;0.0;47.4913157308476;0.653431373
1;0;14;0.75;22.52;6840.0;0.0;0.0;45.86286687009943;0.25005760225
0;1;5;0.65;4.15;1440.0;0.0;0.0;49.929726234933995;0.8213541670000001
1;0;13;0.8;15.26;3720.0;0.0;0.0;54.955373768064504;0.999999
1;0;6;0.75;18.79;1560.0;0.0;0.0;38.20675475060999;0.750520115
1;0;13;0.8;11.61;5310.0;0.0;0.0;40.388590626123516;0.999999
1;0;11;0.7;11.41;3360.0;0.0;2.0;49.64521166260175;0.8211125
0;1;10;0.8;3.94;1200.0;0.0;0.0;40.580554586184284;0.971866667
1;0;13;0.8;15.26;1440.0;0.0;0.0;43.63059226349528;0.999999
0;1;11;0.8;4.15;2700.0;0.0;0.0;40.549993993426206;0.888686869
0;1;5;0.65;4.15;1440.0;0.0;0.0;36.798180663669086;0.864583333
0;1;2;0.8;3.94;1200.0;0.0;0.0;70.69016868566516;0.971866667
0;1;12;0.8;4.08;1080.0;0.0;0.0;36.98797816070591;0.8915555559999999
0;1;4;0.75;5.13;960.0;0.0;0.0;32.40753370501504;0.656666667
1;0;1;0.8;22.52;3960.0;0.0;0.0;47.6145546183032;0.800279693
1;0;4;0.8;28.08;4260.0;0.0;0.0;52.60711842343976;0.800598058
0;1;1;0.8;3.94;960.0;0.0;0.0;49.30411693281307;0.9029166670000001
1;0;3;0.8;19.87;9900.0;0.0;0.0;51.51219861924951;0.8002738290000001
0;1;8;0.7;4.6;960.0;0.0;0.0;63.79616756551441;0.658541667
0;1;14;0.8;3.94;2160.0;0.0;0.0;33.35345494977643;0.24168981475
1;0;6;0.35;22.53;2640.0;0.0;1.0;42.50681966678785;0.26369382
1;0;12;0.8;15.26;4080.0;0.0;0.0;47.99246429311398;0.8004019609999999
0;1;4;0.75;4.15;2400.0;0.0;0.0;36.89878147887518;0.287041667
0;1;14;0.8;3.94;1920.0;0.0;0.0;37.642825086414504;0.240264757
0;1;10;0.8;3.94;1260.0;0.0;0.0;57.38675396072134;0.332359307
0;1;13;0.8;4.08;1080.0;0.0;0.0;70.6613730664828;0.999999
0;1;7;0.75;4.6;960.0;0.0;0.0;45.17309871839373;0.676666667
1;0;14;0.8;22.52;6840.0;0.0;0.0;59.922462183162786;0.25005760225
0;1;11;0.65;3.94;600.0;0.0;0.0;50.647962887166614;0.971866667
0;1;14;0.7;3.9;960.0;0.0;0.0;55.32439151852837;0.11009375
0;1;11;0.8;2.9;2400.0;0.0;0.0;67.23841999825224;0.874027778
1;0;4;0.65;23.69;7200.0;0.0;0.0;35.65755510420032;0.52118
0;1;7;0.65;3.94;2520.0;0.0;0.0;38.98554976450713;0.749188312
1;0;4;0.8;30.1;7140.0;0.0;1.0;50.12287550313771;0.800137255
1;0;6;0.8;11.61;6360.0;0.0;0.0;40.95942354587241;0.8001919890000001
1;0;4;0.75;30.1;7140.0;0.0;1.0;41.508299008999515;0.598627451
1;0;8;0.7;30.48;6840.0;0.0;1.0;54.891541250566576;0.7005052629999999
1;0;9;0.8;26.16;10620.0;0.0;0.0;45.770613390906064;0.9002157159999999
0;1;10;0.8;3.94;1200.0;0.0;0.0;49.178504899292804;0.8865
1;0;10;0.7;21.82;6120.0;0.0;1.0;60.798608325340105;0.700236601
0;1;2;0.8;3.94;1440.0;0.0;0.0;43.6651707873642;0.805909091
0;1;13;0.8;4.6;3780.0;0.0;0.0;48.75153479279123;0.999999
0;1;7;0.8;4.6;3360.0;0.0;0.0;45.06677390749931;0.342361111
0;1;10;0.8;3.94;1440.0;0.0;0.0;42.06015406117638;0.846950758
0;1;14;0.8;3.94;1440.0;0.0;0.0;41.89553764641319;0.19905208324999998
1;0;13;0.75;15.26;6120.0;0.0;0.0;48.66636120895041;0.999999
0;1;4;0.8;4.3;1440.0;0.0;0.0;34.569977625935664;0.8450694440000001
0;1;11;0.8;2.9;0.0;0.0;0.0;59.42599003144291;0.960625
0;1;5;0.8;4.6;7560.0;0.0;0.0;51.756999779691455;0.921604938
0;1;1;0.7;3.94;1800.0;0.0;0.0;54.34505848157515;0.9103787879999999
1;0;3;0.8;22.52;6840.0;0.0;0.0;59.4757420994662;0.950185965
1;0;6;0.75;18.79;3960.0;0.0;0.0;43.63293104020327;0.75065101
1;0;14;0.75;26.82;7140.0;0.0;0.0;30.423607102277018;0.21260672274999998
0;1;8;0.75;4.6;3360.0;0.0;0.0;3.812153051918081;0.376597222
1;0;14;0.6;22.53;5040.0;0.0;1.0;32.53561517375421;0.0670535715
1;0;12;0.7;15.26;6120.0;0.0;0.0;50.09065416450986;0.70043672
0;1;1;0.75;3.94;1800.0;0.0;0.0;45.01048138233005;0.971866667
1;0;14;0.8;28.08;6660.0;0.0;0.0;61.45092026728589;0.20005945949999998
0;1;14;0.7;3.94;15000.0;0.0;0.0;17.052651431184426;0.1624155555
1;0;4;0.6;30.1;6780.0;0.0;1.0;46.00995963764065;0.600224189
1;0;7;0.8;25.9;6720.0;0.0;0.0;64.6379630773202;0.800125
1;0;8;0.7;29.4;6840.0;0.0;2.0;63.493194720380586;0.700614035
0;1;9;0.8;3.94;1800.0;0.0;0.0;34.186671686760654;0.964106061
0;1;1;0.75;3.94;1920.0;0.0;0.0;40.721527939370375;0.812625
0;1;13;0.8;4.08;1080.0;0.0;0.0;16.75503027475189;0.999999
0;1;3;0.8;4.6;6300.0;0.0;0.0;73.83783215673873;0.921703704
0;1;12;0.8;4.6;3780.0;0.0;0.0;40.20830653845897;0.607654321
1;0;8;0.7;24.26;6840.0;0.0;0.0;59.110379686642105;0.496549708
1;0;6;0.8;11.61;7200.0;0.0;0.0;25.45222150656147;0.8002460109999999
1;0;14;0.75;22.94;10260.0;0.0;0.0;57.49807757788639;0.225162015
0;1;8;0.8;2.9;960.0;0.0;0.0;53.69142165370074;0.6283333329999999
0;1;12;0.8;5.13;1080.0;0.0;0.0;75.3703388464055;0.9025
1;0;9;0.8;26.16;10620.0;0.0;0.0;62.557414311239285;0.8001171029999999
1;0;12;0.75;15.26;4200.0;0.0;0.0;41.63147243498228;0.750646667
0;1;9;0.75;2.9;960.0;0.0;0.0;28.735295716411894;0.453125
1;0;13;0.8;15.26;4080.0;0.0;0.0;55.267669229489194;0.999999
0;1;14;0.75;3.94;2280.0;0.0;0.0;38.23320644781891;0.23760964899999998
1;0;13;0.8;11.61;6975.0;0.0;0.0;60.23910978814682;0.999999
0;1;9;0.8;3.94;1440.0;0.0;0.0;39.38715344525217;0.8581439390000001
0;1;14;0.8;3.94;1440.0;0.0;0.0;50.677742045591614;0.22293087125
1;0;10;0.75;21.82;6000.0;0.0;0.0;49.34870321372348;0.7506079999999999
0;1;14;0.6;3.9;960.0;0.0;0.0;65.59853296796798;0.23765625
1;0;7;0.8;30.1;7080.0;0.0;0.0;44.24069497815317;0.8001158190000001
1;0;13;0.8;15.26;4080.0;0.0;0.0;56.37592434271698;0.999999
1;0;5;0.65;27.48;6720.0;0.0;0.0;51.85279853220298;0.7009035709999999
0;1;8;0.35;4.15;1800.0;0.0;0.0;62.14259184989308;0.7071111109999999
1;0;7;0.7;23.54;6720.0;0.0;0.0;49.48320922453843;0.388830357
1;0;13;0.8;11.61;5670.0;0.0;0.0;51.125275669881816;0.999999
1;0;11;0.8;11.41;3420.0;0.0;0.0;52.21161792839462;0.800034503
1;0;8;0.7;30.48;6840.0;0.0;1.0;22.24475381114727;0.7005052629999999
0;1;4;0.75;4.3;6000.0;0.0;0.0;66.20075893231008;0.978525641
1;0;14;0.8;22.52;6840.0;0.0;0.0;56.321199140399095;0.25005760225
1;0;12;0.8;11.61;5670.0;0.0;0.0;51.125275669881816;0.8002467529999999
1;0;7;0.8;30.1;840.0;0.0;1.0;55.792915767551925;0.7999828529999999
1;0;9;0.75;29.12;6960.0;0.0;0.0;64.00813981996927;0.7999632179999999
0;1;3;0.8;5.13;2160.0;0.0;0.0;52.38158929310206;0.87115
1;0;7;0.35;22.94;10080.0;0.0;0.0;44.408009860951815;0.40033279200000005
1;0;1;0.8;26.16;8220.0;0.0;0.0;48.63451887853637;0.850522167
0;1;1;0.7;3.94;1440.0;0.0;0.0;28.152817419551077;0.578314394
0;1;7;0.6;3.94;960.0;0.0;0.0;42.61500797565073;0.40635416700000004
1;0;2;0.7;30.33;1800.0;0.0;0.0;71.95038602787197;0.683550607
0;1;13;0.8;4.6;1080.0;0.0;0.0;48.24103214700732;0.999999
1;0;1;0.75;22.94;6960.0;0.0;0.0;49.06931509787104;0.8503620690000001
0;1;12;0.75;4.08;1080.0;0.0;0.0;67.53765209101802;0.7404444440000001
1;0;14;0.8;22.52;0.0;0.0;0.0;13.792104118856052;0.250086232
1;0;14;0.8;28.08;6900.0;0.0;0.0;45.31853569658672;0.2000191305
0;1;11;0.7;2.9;960.0;0.0;0.0;50.545301231298275;0.5046875
1;0;2;0.75;22.94;10260.0;0.0;0.0;48.20618320566545;0.800034024
0;1;3;0.5;5.13;1800.0;0.0;0.0;52.78454602303249;0.8721
0;1;8;0.7;5.13;960.0;0.0;0.0;40.32121966223376;0.930416667
1;0;14;0.7;16.1;5520.0;0.0;1.0;58.240803758125054;0.175129056
1;0;10;0.35;22.4;10170.0;0.0;0.0;27.750012391805765;0.35020649
1;0;13;0.5;15.26;3720.0;0.0;0.0;48.483546061354645;0.999999
1;0;12;0.8;15.26;3720.0;0.0;0.0;54.955373768064504;0.800312375
0;1;14;0.8;3.94;1440.0;0.0;0.0;42.79321908252903;0.23692234850000002
0;1;1;0.75;3.94;2280.0;0.0;0.0;52.144549944864515;0.504596491
0;1;2;0.4;3.9;6300.0;0.0;0.0;48.03054634065922;0.567377778
1;0;10;0.8;22.52;120.0;0.0;0.0;59.21400141314677;0.9008
0;1;1;0.75;3.94;2280.0;0.0;0.0;38.23320644781891;0.9504385959999999
1;0;4;0.8;28.08;10350.0;0.0;0.0;51.87351504544253;0.800594466
1;0;8;0.7;29.4;6240.0;0.0;2.0;50.71979681527316;0.7
1;0;14;0.8;22.52;0.0;0.0;0.0;23.357036539391483;0.22511769
0;1;4;0.35;4.3;2160.0;0.0;0.0;36.872270779450574;0.952020202
1;0;10;0.8;22.52;6720.0;0.0;0.0;51.72170406985629;0.900129762
0;1;4;0.7;4.3;5040.0;0.0;0.0;50.79999052241101;0.977272727
1;0;10;0.7;21.82;5760.0;0.0;0.0;38.78716259072974;0.700058333
0;1;12;0.75;4.08;1080.0;0.0;0.0;39.73519914025877;0.7555555559999999
0;1;14;0.8;3.94;1200.0;0.0;0.0;25.27638281651586;0.23229583325
0;1;8;0.8;2.9;1620.0;0.0;0.0;55.839803222978894;0.910521886
0;1;9;0.75;3.94;960.0;0.0;0.0;59.73250562889005;0.755166667
0;1;10;0.8;3.94;960.0;0.0;0.0;38.67507765286189;0.9275416670000001
0;1;4;0.75;4.3;2160.0;0.0;0.0;32.820714952840135;0.651515152
0;1;5;0.65;4.15;1440.0;0.0;0.0;58.57867908419904;0.8606534090000001
1;0;11;0.65;12.52;9540.0;0.0;0.0;29.271065699822227;0.64998056
0;1;3;0.8;3.94;960.0;0.0;0.0;37.59658443640173;0.971866667
1;0;2;0.75;22.94;10260.0;0.0;0.0;57.49807757788639;0.90064806
1;0;1;0.75;26.82;6960.0;0.0;0.0;55.788723909170834;0.85007069
1;0;3;0.5;22.52;10170.0;0.0;0.0;32.55440433173928;0.660683293
0;1;3;0.75;4.15;2160.0;0.0;0.0;33.92717771105838;0.712626263
0;1;3;0.8;4.6;1440.0;0.0;0.0;36.13985761286889;0.894444444
0;1;13;0.75;4.08;1080.0;0.0;0.0;49.1108786361355;0.999999
0;1;14;0.5;3.94;3360.0;0.0;0.0;43.57984791313076;0.1922118055
0;1;14;0.7;3.94;1440.0;0.0;0.0;28.152817419551077;0.1445785985
1;0;10;0.7;21.25;6360.0;0.0;1.0;43.44475767441039;0.471108491
1;0;1;0.8;26.16;10620.0;0.0;0.0;58.61649639363068;0.850502311
1;0;3;0.75;29.4;6840.0;0.0;0.0;32.927772481153994;0.750473684
1;0;2;0.6;15.28;1320.0;0.0;1.0;43.194062488373085;0.600099145
0;1;4;0.75;3.94;1920.0;0.0;0.0;42.55425453896932;0.8133090279999999
1;0;13;0.8;15.26;4080.0;0.0;0.0;32.89815980226551;0.999999
1;0;10;0.7;21.25;6000.0;0.0;1.0;52.266484287735736;0.417916667
1;0;9;0.75;18.79;6240.0;0.0;1.0;37.29677296931465;0.970816667
0;1;5;0.7;4.15;3060.0;0.0;0.0;27.081764032167644;0.9737967909999999
1;0;7;0.5;30.1;6960.0;0.0;1.0;64.39365899271672;0.500801724
0;1;2;0.75;3.94;1440.0;0.0;0.0;30.450493399363104;0.578314394
0;1;10;0.7;4.15;960.0;0.0;0.0;49.57402619917795;0.7018125
1;0;14;0.8;26.16;7080.0;0.0;0.0;34.80882379952942;0.20007966100000002
0;1;12;0.8;5.13;1200.0;0.0;0.0;45.33998646998731;0.9918
1;0;13;0.8;15.26;4080.0;0.0;0.0;45.841115336346874;0.999999
1;0;2;0.5;15.28;5520.0;0.0;1.0;35.222785011139614;0.40414492799999996
1;0;7;0.7;24.26;6960.0;45.0;0.0;42.25028219141146;0.662270115
1;0;1;0.8;26.16;10620.0;0.0;0.0;62.30554712804353;0.850502311
1;0;10;0.7;21.82;6000.0;0.0;0.0;63.170338938028564;0.700422
0;1;14;0.8;3.94;1200.0;0.0;0.0;48.46423298666114;0.2487125
0;1;14;0.8;3.94;2640.0;0.0;0.0;47.77570858530894;0.24998106050000002
1;0;14;0.8;22.52;6900.0;0.0;0.0;30.369210880857878;0.262570145
1;0;4;0.7;26.82;6960.0;0.0;0.0;38.682717474042384;0.800746552
1;0;5;0.6;20.79;6960.0;0.0;0.0;47.10087093062825;0.800534483
1;0;2;0.7;16.1;4800.0;0.0;1.0;56.922899661851964;0.700106061
0;1;1;0.8;3.94;1440.0;0.0;0.0;56.2997404328998;0.8842613640000001
0;1;9;0.7;2.9;960.0;0.0;0.0;62.27970700491865;0.41083333299999997
0;1;1;0.8;3.94;2880.0;0.0;0.0;73.28607286457066;0.727349537
1;0;13;0.7;15.26;4080.0;0.0;0.0;44.122475348060384;0.999999
1;0;3;0.75;19.87;7080.0;0.0;0.0;47.99853426612425;0.7500983509999999
1;0;12;0.7;15.26;6120.0;0.0;0.0;75.13966043887369;0.70043672
0;1;2;0.8;3.94;1200.0;0.0;0.0;45.84826714150552;0.773333333
1;0;3;0.8;22.52;6840.0;0.0;1.0;35.75237355589731;0.536901754
0;1;1;0.8;3.94;1200.0;0.0;0.0;48.46423298666114;0.99485
1;0;8;0.8;25.9;7470.0;0.0;0.0;55.213921187318704;0.800436542
1;0;11;0.75;11.41;3480.0;0.0;2.0;38.00455680403877;0.672140805
0;1;9;0.8;3.94;960.0;0.0;0.0;42.910203934984594;0.9316458329999999
1;0;9;0.75;18.79;6240.0;0.0;0.0;42.37378748418744;0.750395513
1;0;14;0.75;26.82;6960.0;0.0;0.0;55.788723909170834;0.2125176725
1;0;14;0.8;28.08;10350.0;0.0;0.0;38.035996428273464;0.2001486165
1;0;12;0.75;15.26;1440.0;0.0;0.0;75.62859191430601;0.750450658
0;1;12;0.8;4.6;1080.0;0.0;0.0;48.24103214700732;0.92
0;1;12;0.8;4.08;1080.0;0.0;0.0;34.686191681948024;0.687555556
0;1;1;0.7;3.94;1440.0;0.0;0.0;38.84810569058214;0.970075758
0;1;2;0.75;3.94;1800.0;0.0;0.0;67.15767449453477;0.9103787879999999
0;1;14;0.75;3.94;1800.0;0.0;0.0;45.01048138233005;0.24296666675
0;1;5;0.6;2.9;960.0;0.0;0.0;59.42004491136046;0.759270833
1;0;14;0.7;22.94;10620.0;0.0;0.0;18.742599133072368;0.20007569774999998
0;1;8;0.65;4.15;960.0;0.0;0.0;61.99197911848401;0.553333333
0;1;7;0.7;5.13;960.0;0.0;0.0;28.93792616561485;0.283958333
0;1;3;0.75;4.15;1800.0;0.0;0.0;44.22675847384011;0.899166667
0;1;9;0.75;2.9;1200.0;0.0;0.0;54.82158663941776;0.8004
1;0;7;0.8;30.1;7080.0;0.0;2.0;66.42486655942784;0.8001158190000001
0;1;4;0.8;3.94;3600.0;0.0;0.0;49.28363048826773;0.9256439390000001
0;1;1;0.65;3.94;2400.0;0.0;0.0;44.53373111108763;0.505128205
1;0;2;0.5;30.33;6720.0;0.0;1.0;45.633996738002125;0.361071429
1;0;10;0.7;21.82;5040.0;0.0;0.0;28.16032348580242;0.699984417
0;1;8;0.8;2.9;1440.0;0.0;0.0;64.8050225177469;0.725
1;0;6;0.8;25.9;1920.0;0.0;0.0;52.49647620089417;0.8003819440000001
1;0;8;0.8;25.9;10170.0;0.0;0.0;46.892345964685866;0.800128721
1;0;11;0.8;11.41;0.0;0.0;0.0;71.58404350250099;0.8007017540000001
1;0;9;0.8;26.16;10620.0;0.0;0.0;57.00206481528144;0.8001171029999999
0;1;2;0.5;3.9;960.0;0.0;0.0;52.47143613723252;0.5403125
1;0;9;0.8;26.16;3660.0;0.0;0.0;57.58073822212785;0.8000150090000001
1;0;14;0.8;22.52;6900.0;0.0;0.0;12.38631340160854;0.10803072475
1;0;11;0.8;11.41;3420.0;0.0;0.0;31.45777823428145;0.800034503
1;0;5;0.7;21.98;9720.0;0.0;0.0;31.357349187156963;0.7004808309999999
0;1;3;0.75;4.15;2700.0;0.0;0.0;41.21497582591336;0.83
0;1;14;0.7;3.9;1200.0;0.0;0.0;50.20310962810261;0.2322125
1;0;8;0.7;24.26;6840.0;37.0;0.0;61.39909739156302;0.36531871299999996
1;0;4;0.75;30.1;7020.0;0.0;1.0;33.053273242520234;0.750356125
1;0;2;0.7;30.33;2160.0;0.0;1.0;38.546740034171854;0.700623
1;0;12;0.8;15.26;4080.0;0.0;0.0;57.591880414432126;0.8004019609999999
0;1;10;0.75;3.94;1440.0;0.0;0.0;47.08762769386098;0.805909091
1;0;5;0.6;21.98;6960.0;0.0;0.0;48.3684509178992;0.6000287360000001
0;1;7;0.8;2.9;1440.0;0.0;0.0;60.18042141117107;0.661837121
1;0;5;0.7;27.48;6960.0;0.0;1.0;33.031923039835235;0.408960345
1;0;12;0.8;15.26;4080.0;0.0;0.0;45.841115336346874;0.8004019609999999
1;0;8;0.7;29.12;6840.0;0.0;0.0;40.08632621703339;0.700135088
1;0;5;0.75;30.1;7080.0;0.0;0.0;82.15287055872318;0.750799435
0;1;13;0.8;4.6;1080.0;0.0;0.0;31.50766906378867;0.999999
1;0;1;0.7;26.82;8160.0;0.0;0.0;26.22783459539662;0.850045
1;0;6;0.75;18.79;3360.0;0.0;0.0;44.75226195658833;0.75065101
0;1;5;0.65;4.15;2700.0;0.0;0.0;47.17963608697244;0.98719697
1;0;13;0.8;15.26;4080.0;0.0;0.0;53.93587158384896;0.999999
1;0;1;0.75;22.94;6960.0;0.0;0.0;68.4798352236934;0.800263218
1;0;13;0.6;15.26;6960.0;0.0;0.0;62.88690680984182;0.999999
0;1;7;0.7;3.94;2160.0;0.0;0.0;44.8834091494125;0.892194444
1;0;1;0.8;26.16;10620.0;0.0;0.0;54.99740136327752;0.850502311
0;1;14;0.8;3.94;1440.0;0.0;0.0;52.17272861837357;0.22013257575
0;1;10;0.7;2.9;960.0;0.0;0.0;57.94205202530718;0.441041667
1;0;10;0.8;22.52;6720.0;0.0;0.0;45.88504310005706;0.999995238
1;0;5;0.65;26.82;7080.0;0.0;1.0;59.83300459126937;0.6500440679999999
1;0;14;0.65;22.94;10260.0;0.0;0.0;37.970576009086145;0.17500744275
0;1;14;0.75;3.94;0.0;0.0;0.0;51.75109284440143;0.19864166675
1;0;12;0.75;15.26;6120.0;0.0;0.0;48.66636120895041;0.750079323
0;1;8;0.8;2.9;1440.0;0.0;0.0;42.176578131206384;0.681060606
1;0;14;0.75;22.94;6960.0;0.0;0.0;39.83410652092128;0.21259051725000003
1;0;9;0.7;18.79;6120.0;0.0;1.0;69.2117149016726;0.638614379
0;1;2;0.8;3.94;1440.0;0.0;0.0;52.509058623998925;0.805909091
0;1;6;0.8;2.9;4320.0;0.0;0.0;23.981922361614593;0.785864198
1;0;7;0.8;25.9;6780.0;0.0;0.0;43.54880640529134;0.8006843659999999
1;0;6;0.8;11.61;5670.0;0.0;0.0;65.03176653555823;0.8002467529999999
1;0;6;0.75;18.79;4080.0;0.0;0.0;54.68217959848029;0.612517157
0;1;14;0.8;3.94;960.0;0.0;0.0;75.37487929403783;0.22880729175
1;0;4;0.75;26.82;6840.0;0.0;0.0;40.39868966867394;0.850084211
1;0;11;0.75;19.31;6480.0;0.0;0.0;49.106207460359784;0.7503484570000001
0;1;14;0.5;3.9;960.0;0.0;0.0;52.47143613723252;0.135078125
1;0;6;0.7;18.79;3960.0;0.0;0.0;60.401923337302655;0.700354545
0;1;8;0.75;4.6;3360.0;0.0;0.0;28.40312981935535;0.702777778
0;1;8;0.65;4.15;960.0;0.0;0.0;55.699587239399314;0.877552083
0;1;14;0.8;3.94;1440.0;0.0;0.0;60.584174906890105;0.2182670455
0;1;10;0.7;3.94;4320.0;0.0;0.0;57.258252798537505;0.759228395
1;0;6;0.8;11.41;5490.0;0.0;0.0;35.96320349421995;0.8003437659999999
0;1;3;0.8;4.15;1440.0;0.0;0.0;46.63969856531931;0.8208333329999999
0;1;11;0.8;4.15;1440.0;0.0;0.0;24.20126003265037;0.640577652
1;0;13;0.8;11.61;7200.0;0.0;0.0;62.70940618799077;0.999999
0;1;7;0.7;3.94;1200.0;0.0;0.0;45.251144200720965;0.8471
1;0;4;0.8;28.08;10440.0;0.0;0.0;59.89545013912728;0.8010282129999999
1;0;9;0.7;18.79;4560.0;0.0;1.0;46.05407541348535;0.70009573
0;1;1;0.7;3.94;960.0;0.0;0.0;25.1446071574225;0.664875
1;0;1;0.7;22.94;12180.0;0.0;0.0;55.13595416151473;0.750162367
1;0;1;0.8;26.16;10620.0;0.0;0.0;51.407769803885394;0.8001171029999999
1;0;3;0.7;22.52;10260.0;0.0;0.0;52.762406821424904;0.750068049
1;0;3;0.8;29.4;6840.0;0.0;1.0;59.83924505228208;0.800578947
1;0;6;0.8;30.4;3840.0;0.0;0.0;64.26035183315942;0.622828125
1;0;12;0.8;15.26;4080.0;0.0;0.0;72.38474276016288;0.8004019609999999
1;0;2;0.7;22.94;10500.0;0.0;0.0;48.40908648729668;0.800415742
0;1;1;0.8;3.94;1440.0;0.0;0.0;69.36427588652771;0.618361111
1;0;4;0.75;22.52;10260.0;0.0;0.0;21.61167384785021;0.9003211059999999
0;1;6;0.75;2.9;960.0;0.0;0.0;51.41220355443665;0.610208333
1;0;5;0.7;20.4;10260.0;0.0;0.0;61.38992409289536;0.7000637959999999
0;1;3;0.8;4.15;1800.0;0.0;0.0;43.134138271140856;0.905454545
1;0;4;0.8;30.1;480.0;0.0;1.0;46.91247509074159;0.800980392
1;0;10;0.75;19.31;6480.0;0.0;0.0;64.0732456927679;0.787299691
0;1;10;0.75;3.94;8400.0;0.0;0.0;19.082243507204076;0.9407010579999999
1;0;14;0.8;28.08;6300.0;0.0;0.0;47.57493525909692;0.2001813285
1;0;4;0.8;28.08;10350.0;0.0;0.0;62.47886731148856;0.800594466
1;0;13;0.8;11.61;5670.0;0.0;0.0;58.744315084013074;0.999999
0;1;14;0.8;3.94;1440.0;0.0;0.0;48.550999609696824;0.16621875
1;0;4;0.7;26.66;6960.0;0.0;0.0;73.57949928669223;0.750770115
0;1;5;0.7;4.15;2400.0;0.0;0.0;68.2486015964902;0.758173077
0;1;11;0.5;2.9;960.0;0.0;0.0;45.74513471907107;0.259375
1;0;1;0.65;22.53;5040.0;0.0;1.0;47.267760379913064;0.581130952
0;1;3;0.8;4.6;6300.0;0.0;0.0;43.65781952219273;0.902962963
1;0;7;0.65;30.1;7080.0;0.0;1.0;53.64388738393897;0.5356779660000001
1;0;2;0.7;16.1;5520.0;0.0;1.0;58.240803758125054;0.700516224
1;0;8;0.6;15.09;360.0;0.0;0.0;44.829270268119;0.600143365
0;1;12;0.8;4.08;1080.0;0.0;0.0;56.39155164259864;0.8008888890000001
1;0;7;0.7;24.26;6720.0;0.0;0.0;70.74229403657671;0.411553571
1;0;8;0.6;30.48;6720.0;0.0;1.0;51.0849527053529;0.600528571
1;0;7;0.8;30.1;6960.0;15.0;0.0;57.66979695398767;0.579511494
0;1;14;0.65;3.94;3360.0;0.0;0.0;64.61837691247679;0.134479861
1;0;8;0.65;30.1;7080.0;0.0;1.0;47.78958476271041;0.463403955
1;0;6;0.7;18.79;3360.0;0.0;0.0;16.638345179673713;0.700710417
1;0;4;0.8;22.52;5940.0;0.0;0.0;41.709627250011614;0.800393224
1;0;12;0.6;15.26;6960.0;0.0;0.0;62.88690680984182;0.600436426
0;1;2;0.8;5.13;1800.0;0.0;0.0;52.61243653460894;0.5814
1;0;10;0.75;28.08;10530.0;0.0;0.0;51.06417252719507;0.8
0;1;7;0.8;2.9;1440.0;0.0;0.0;37.71019066652329;0.804640152
1;0;3;0.8;22.52;0.0;0.0;0.0;38.7953170886628;0.90047076
1;0;10;0.7;22.52;10080.0;0.0;0.0;37.60853033665549;0.7000941559999999
0;1;4;0.7;3.94;960.0;0.0;0.0;37.41239391837556;0.806058333
1;0;5;0.7;27.48;6960.0;0.0;0.0;60.18759558146862;0.7004241379999999
0;1;14;0.8;3.94;1440.0;0.0;0.0;69.36427588652771;0.15459027775
1;0;5;0.7;20.4;10440.0;0.0;0.0;63.581676266271714;0.7002507840000001
0;1;14;0.75;3.94;1200.0;0.0;0.0;56.71093485052797;0.1945375
1;0;9;0.7;18.79;3000.0;0.0;1.0;42.15959617233726;0.700256795
1;0;6;0.8;18.79;3480.0;0.0;0.0;19.703288839095006;0.800947475
0;1;7;0.7;4.15;1800.0;0.0;0.0;45.42212984614771;0.258
1;0;1;0.65;26.66;6840.0;0.0;0.0;55.89355501702857;0.800579532
1;0;13;0.8;11.61;4710.0;0.0;0.0;59.29427508983834;0.999999
1;0;3;0.8;22.52;6720.0;0.0;0.0;46.924367212434156;0.900129762
0;1;4;0.75;4.3;9000.0;0.0;0.0;22.355177914029802;0.670216049
1;0;5;0.65;30.1;5820.0;10.0;0.0;30.59330638689626;0.6508348079999999
0;1;6;0.8;2.9;1440.0;0.0;0.0;55.75429261754172;0.8174242420000001
0;1;1;0.75;3.94;960.0;0.0;0.0;52.999654989750255;0.8865
0;1;10;0.7;2.9;1200.0;0.0;0.0;47.02730196338838;0.845833333
0;1;5;0.6;3.94;0.0;0.0;0.0;43.12221007892812;0.8643425929999999
1;0;14;0.8;28.08;10350.0;0.0;0.0;37.54904842277641;0.2001486165
1;0;11;0.7;14.89;10260.0;0.0;0.0;55.42922175251399;0.700170388
1;0;3;0.8;19.87;9900.0;0.0;0.0;33.90065151562261;0.8002738290000001
1;0;14;0.8;26.16;8220.0;0.0;0.0;48.63451887853637;0.21263054175
0;1;1;0.8;3.94;1440.0;0.0;0.0;40.32884530857782;0.951420455
1;0;2;0.8;22.52;360.0;0.0;0.0;52.75374915833045;0.900477825
0;1;11;0.8;4.15;1440.0;0.0;0.0;69.7235325194871;0.601278409
1;0;6;0.8;11.41;5490.0;0.0;0.0;55.366945760010026;0.8003437659999999
0;1;14;0.8;3.94;1440.0;0.0;0.0;69.44491198586067;0.20334280300000002
1;0;1;0.5;22.94;10170.0;0.0;0.0;48.00173795044582;0.549969429
1;0;11;0.5;14.89;9900.0;0.0;0.0;54.23381111018365;0.500025069
0;1;14;0.8;3.94;1440.0;0.0;0.0;67.22891295720675;0.21341666675
0;1;13;0.8;4.08;1080.0;0.0;0.0;41.492957431346085;0.999999
1;0;14;0.8;26.16;10620.0;0.0;0.0;79.20818917116405;0.21262557775
0;1;14;0.8;3.94;1440.0;0.0;0.0;57.027410790977015;0.22106534100000003
1;0;3;0.8;29.4;1800.0;0.0;0.0;39.5966529582937;0.800534979
0;1;14;0.8;5.13;960.0;0.0;0.0;39.42143075108446;0.0921796875
0;1;3;0.75;4.15;1560.0;0.0;0.0;50.63728933830512;0.9913888890000001
1;0;8;0.8;25.9;10170.0;0.0;0.0;69.93016519039065;0.850136766
0;1;1;0.8;3.94;1440.0;0.0;0.0;57.027410790977015;0.8842613640000001
0;1;7;0.7;5.13;960.0;0.0;0.0;54.521492801167035;0.35645833299999996
0;1;13;0.75;4.08;1080.0;0.0;0.0;39.73519914025877;0.999999
1;0;5;0.35;27.48;6840.0;0.0;1.0;33.97167639424831;0.44996491200000005
1;0;8;0.8;25.9;10170.0;0.0;0.0;54.17391634517215;0.800128721
0;1;3;0.7;3.94;12000.0;0.0;0.0;79.18341061844652;0.460578704
0;1;2;0.8;3.94;1440.0;0.0;0.0;52.17272861837357;0.880530303
0;1;14;0.7;3.94;960.0;0.0;0.0;39.61396879446381;0.20315625
0;1;4;0.35;4.3;3600.0;0.0;0.0;68.28141100689307;0.9886363640000001
0;1;1;0.8;3.94;1200.0;0.0;0.0;49.56436779527018;0.962016667
0;1;1;0.65;3.94;3360.0;0.0;0.0;64.61837691247679;0.537919444
1;0;4;0.8;22.52;6900.0;0.0;0.0;30.69057040932887;0.9008
0;1;2;0.8;3.94;2160.0;0.0;0.0;51.98492417625034;0.912037037
0;1;10;0.7;3.94;1440.0;0.0;0.0;44.302387211948;0.235795455
1;0;9;0.5;29.12;10440.0;0.0;0.0;36.19912958705096;0.500547544
0;1;14;0.8;3.94;1440.0;0.0;0.0;43.6651707873642;0.20147727275
0;1;9;0.6;3.94;1440.0;0.0;0.0;56.82605702328899;0.261174242
0;1;9;0.8;3.94;1440.0;0.0;0.0;54.137625427744624;0.880530303
0;1;13;0.8;4.6;1080.0;0.0;0.0;34.1130002096147;0.999999
1;0;14;0.75;16.1;5400.0;0.0;1.0;32.91808877855155;0.18753518524999999
1;0;13;0.8;15.26;4080.0;0.0;0.0;56.99523363406904;0.999999
1;0;14;0.8;26.16;7080.0;0.0;0.0;41.135239894121405;0.20007966100000002
1;0;5;0.75;30.1;7020.0;0.0;0.0;58.267663432433935;0.750356125
0;1;7;0.7;4.15;1440.0;0.0;0.0;34.976035620688116;0.928680556
1;0;13;0.8;26.16;7080.0;0.0;0.0;45.62408722365847;0.999999
1;0;5;0.8;30.1;7140.0;0.0;0.0;45.593619857901025;0.800137255
0;1;9;0.8;3.94;1800.0;0.0;0.0;50.918187003621824;0.72830303
0;1;3;0.8;4.6;1800.0;0.0;0.0;54.49299892303367;0.810111111
0;1;14;0.8;3.94;2160.0;0.0;0.0;51.98492417625034;0.22800925925
1;0;6;0.8;11.61;5760.0;0.0;0.0;27.080733930275954;0.850410511
1;0;3;0.75;28.08;6900.0;0.0;0.0;17.78588233099731;0.753683478
0;1;11;0.8;4.15;1260.0;0.0;0.0;43.769881569773375;0.313852814
0;1;4;0.8;4.3;1440.0;0.0;0.0;65.77145978682628;0.8092361109999999
1;0;9;0.6;18.79;5400.0;0.0;1.0;49.589688703853845;0.329964879
0;1;4;0.75;5.13;1920.0;0.0;0.0;63.39363146324118;0.6840277779999999
1;0;4;0.75;26.82;7020.0;0.0;0.0;61.51607459320665;0.850446154
0;1;10;0.65;3.94;960.0;0.0;0.0;44.67180867601945;0.705916667
0;1;2;0.7;3.9;960.0;0.0;0.0;60.645408657445955;0.5565625
0;1;1;0.5;3.94;3360.0;0.0;0.0;34.176117419115926;0.768847222
0;1;14;0.8;3.94;1440.0;0.0;0.0;42.5294192199833;0.20520833324999999
1;0;3;0.7;30.1;8160.0;0.0;2.0;48.45356408692377;0.6265777779999999
0;1;14;0.8;3.94;1440.0;0.0;0.0;23.363278110876923;0.21136458325
0;1;6;0.35;2.9;1800.0;0.0;0.0;44.285197711697734;0.977555556
1;0;6;0.75;18.79;3960.0;0.0;0.0;27.308321394570456;0.75065101
1;0;12;0.8;11.61;4470.0;0.0;0.0;52.9095610571821;0.80007657
1;0;14;0.8;26.16;10620.0;0.0;0.0;54.99740136327752;0.21262557775
1;0;2;0.7;22.94;10170.0;0.0;0.0;58.11560377339936;0.750517565
0;1;9;0.8;3.94;960.0;0.0;0.0;31.084655036659466;0.6895
1;0;8;0.65;29.4;4560.0;30.0;2.0;54.17145615822225;0.25139925399999996
1;0;9;0.8;26.16;10620.0;0.0;0.0;60.64774893186788;0.8001171029999999
1;0;7;0.7;24.26;6960.0;0.0;0.0;47.269217994285206;0.7006120690000001
1;0;6;0.75;18.79;3960.0;0.0;1.0;51.26441149819347;0.75065101
0;1;10;0.8;3.94;960.0;0.0;0.0;50.788467207070134;0.64025
1;0;4;0.65;30.1;6780.0;0.0;1.0;63.09695249155559;0.568259587
0;1;2;0.8;3.94;2160.0;0.0;0.0;33.35345494977643;0.966759259
0;1;14;0.8;3.94;960.0;0.0;0.0;53.12909097488191;0.20110416675
1;0;11;0.7;11.41;3420.0;0.0;2.0;39.91882352739965;0.700614035
1;0;14;0.7;30.33;6840.0;0.0;1.0;55.123667348308;0.17515131574999998
1;0;4;0.7;30.1;7080.0;0.0;1.0;58.88521992719508;0.637711864
0;1;12;0.8;4.6;3780.0;0.0;0.0;37.21176531354084;0.636049383
1;0;4;0.8;30.1;7020.0;0.0;1.0;58.008431659363204;0.800094017
1;0;14;0.6;22.94;6570.0;0.0;0.0;45.86545747098876;0.192528495
0;1;10;0.8;3.94;1440.0;0.0;0.0;70.91914786357913;0.24625
0;1;9;0.8;3.94;960.0;0.0;0.0;64.03629551879402;0.7715833329999999
1;0;13;0.8;15.26;4080.0;0.0;0.0;81.11431647326046;0.999999
0;1;4;0.8;4.15;6600.0;0.0;0.0;39.032625064281895;0.9880246909999999
1;0;13;0.8;15.26;4080.0;0.0;0.0;78.04145617757405;0.999999
1;0;9;0.7;29.12;6960.0;0.0;0.0;46.54087835264377;0.700386207
1;0;6;0.8;11.61;6975.0;0.0;0.0;60.460293188609796;0.879714482
1;0;12;0.8;15.26;1700.0;0.0;0.0;52.70553828947072;0.800260821
1;0;3;0.8;29.4;4680.0;0.0;0.0;46.504432604183236;0.800149813
1;0;5;0.7;26.82;6960.0;0.0;1.0;52.68656183260084;0.700556897
1;0;12;0.8;15.26;4080.0;0.0;0.0;55.86807868452442;0.8004019609999999
0;1;6;0.8;2.9;1800.0;0.0;0.0;53.40839289166575;0.666515152
1;0;3;0.75;19.87;6600.0;0.0;0.0;21.725526039062082;0.75024303
1;0;1;0.75;26.82;7080.0;0.0;0.0;47.9779196595379;0.9000610170000001
1;0;13;0.8;15.26;4080.0;0.0;0.0;60.11895021364463;0.999999
1;0;14;0.8;22.52;0.0;0.0;0.0;46.953424241381775;0.2751209795
1;0;5;0.7;30.1;7500.0;0.0;0.0;36.75062866440352;0.545657673
1;0;5;0.75;30.1;7380.0;0.0;0.0;69.03048025792438;0.750406233
0;1;1;0.8;3.94;1440.0;0.0;0.0;59.86853160820627;0.936496212
1;0;11;0.7;14.89;10260.0;0.0;0.0;56.33305968735328;0.700170388
1;0;3;0.75;22.52;10260.0;0.0;0.0;53.47496193626463;0.80035194
1;0;13;0.75;15.26;4200.0;0.0;0.0;52.92378558119498;0.999999
0;1;7;0.8;2.9;960.0;0.0;0.0;40.909732169849356;0.667604167
0;1;7;0.8;2.9;1440.0;0.0;0.0;63.662155734152044;0.689299242
1;0;14;0.75;28.08;6900.0;0.0;0.0;55.567738469748086;0.18760695649999998
1;0;6;0.8;25.9;6720.0;0.0;0.0;22.67566790482609;0.800125
1;0;14;0.8;22.52;6960.0;0.0;0.0;47.78827021301075;0.23749540225000002
1;0;3;0.8;30.1;5160.0;0.0;1.0;44.16246424056635;0.800842424
1;0;11;0.8;31.83;9900.0;0.0;0.0;64.60023377375694;0.412119835
0;1;1;0.8;3.94;1440.0;0.0;0.0;42.79321908252903;0.9476893940000001
1;0;13;0.8;15.26;4080.0;0.0;0.0;44.14915481146285;0.999999
0;1;13;0.8;5.13;2400.0;0.0;0.0;63.95633497144615;0.999999
1;0;14;0.7;26.82;8160.0;0.0;0.0;26.22783459539662;0.21251125
1;0;5;0.6;30.1;6960.0;0.0;0.0;59.04217136419403;0.415172414
1;0;11;0.75;10.05;3240.0;0.0;0.0;62.05226650046172;0.750027778
1;0;10;0.65;22.52;9720.0;0.0;0.0;50.67326021824657;0.650198653
1;0;10;0.75;28.08;10530.0;0.0;0.0;48.10684100026242;0.8
0;1;14;0.8;3.94;1440.0;0.0;0.0;48.55941464561201;0.23878787875
0;1;6;0.75;2.9;960.0;0.0;0.0;55.07595382346694;0.41083333299999997
1;0;10;0.7;21.82;6000.0;0.0;0.0;57.68117671383514;0.700422
1;0;4;0.7;26.82;6960.0;0.0;0.0;50.003509940676814;0.799975862
0;1;2;0.7;3.9;960.0;0.0;0.0;44.14339247343555;0.5565625
1;0;9;0.65;29.12;10440.0;0.0;0.0;48.03096869920156;0.650407524
1;0;5;0.6;27.48;6720.0;0.0;0.0;57.53474958676147;0.7074464290000001
0;1;7;0.5;3.9;960.0;0.0;0.0;47.08984128574951;0.560625
1;0;14;0.8;22.94;7020.0;0.0;0.0;46.72927412417288;0.25015056975
0;1;8;0.7;4.15;960.0;0.0;0.0;44.27957640708414;0.725625
1;0;5;0.8;30.1;0.0;0.0;0.0;57.89401006005236;0.800980392
1;0;7;0.35;30.1;6960.0;0.0;1.0;59.97565025728368;0.350301724
0;1;1;0.8;3.94;960.0;0.0;0.0;75.37487929403783;0.915229167
1;0;1;0.8;22.52;0.0;0.0;0.0;23.357036539391483;0.90047076
1;0;5;0.75;30.1;7140.0;0.0;0.0;54.933519294048615;0.7503921570000001
1;0;4;0.75;30.1;7140.0;0.0;1.0;33.62226449011179;0.7503921570000001
0;1;6;0.6;2.9;960.0;0.0;0.0;19.012286382650192;0.271875
0;1;12;0.8;4.08;1080.0;0.0;0.0;26.76350003903655;0.838666667
1;0;8;0.8;25.9;10170.0;0.0;0.0;62.58422979024538;0.850136766
0;1;4;0.75;3.94;960.0;0.0;0.0;35.21507572239598;0.881575
0;1;8;0.8;4.6;2640.0;0.0;0.0;55.98802517383372;0.980984848
0;1;4;0.8;3.94;6000.0;0.0;0.0;46.65513647969083;0.911589744
0;1;12;0.8;4.6;1080.0;0.0;0.0;52.32815536933474;0.868888889
0;1;14;0.75;3.94;960.0;0.0;0.0;59.409965754574046;0.22018854175
1;0;5;0.8;30.1;5700.0;25.0;0.0;34.870661799764164;0.307501459
1;0;5;0.6;20.4;10440.0;0.0;0.0;44.830823501709936;0.6000626960000001
1;0;7;0.8;25.9;10170.0;0.0;0.0;57.62197583102484;0.850136766
0;1;7;0.7;5.13;1200.0;0.0;0.0;48.08119327337363;0.91375
1;0;2;0.65;22.94;10170.0;0.0;0.0;43.87109333390332;0.6502434970000001
0;1;3;0.75;4.15;1440.0;0.0;0.0;42.271558131241854;0.93532197
0;1;3;0.8;4.6;10500.0;0.0;0.0;32.00917176621502;0.936355556
0;1;1;0.7;3.94;3360.0;0.0;0.0;43.68889293960985;0.555430556
1;0;12;0.8;15.26;4080.0;0.0;0.0;40.32410270735624;0.8004019609999999
0;1;6;0.5;2.9;960.0;0.0;0.0;12.423236196791194;0.7975
1;0;14;0.7;16.1;4800.0;0.0;1.0;56.922899661851964;0.17502651525
1;0;12;0.5;15.26;3720.0;0.0;0.0;48.483546061354645;0.5002904189999999
1;0;13;0.75;15.26;1440.0;0.0;0.0;75.62859191430601;0.999999
1;0;6;0.8;11.41;5670.0;0.0;0.0;63.35332568617075;0.800181818
1;0;8;0.7;30.1;5160.0;0.0;1.0;53.76877128352836;0.700206125
0;1;9;0.8;3.94;1440.0;0.0;0.0;32.64383029617488;0.8581439390000001
1;0;11;0.35;11.41;3240.0;0.0;1.0;71.17668744073461;0.507903226
1;0;9;0.75;18.79;5040.0;0.0;0.0;27.198188806994747;0.750347333
1;0;13;0.8;15.26;4080.0;0.0;0.0;72.38474276016288;0.999999
1;0;6;0.75;18.79;3960.0;0.0;0.0;53.93714467393195;0.332146465
1;0;5;0.8;30.1;7140.0;0.0;0.0;54.73019264550043;0.800137255
1;0;7;0.8;30.1;3960.0;0.0;0.0;66.59041185570102;0.8000557620000001
1;0;10;0.75;22.52;10080.0;0.0;0.0;67.14341974690325;0.800020563
0;1;4;0.8;4.3;1440.0;0.0;0.0;36.320208425049486;0.940625
1;0;12;0.8;15.26;1080.0;0.0;0.0;67.41771150649933;0.8007114940000001
0;1;5;0.65;4.15;1440.0;0.0;0.0;50.053287511459146;0.809564394
0;1;13;0.8;4.08;1080.0;0.0;0.0;26.76350003903655;0.999999
1;0;14;0.65;30.33;6840.0;0.0;1.0;67.35265424516474;0.14632894725
0;1;9;0.8;3.94;1440.0;0.0;0.0;40.419794001586375;0.8581439390000001
1;0;12;0.8;11.61;5670.0;0.0;0.0;49.000236949195475;0.8002467529999999
0;1;1;0.8;3.94;1200.0;0.0;0.0;64.05404595267834;0.893066667
0;1;14;0.8;3.94;1260.0;0.0;0.0;46.971363147273365;0.06182900425
0;1;12;0.6;4.08;5400.0;0.0;0.0;51.19599868379412;0.327407407
0;1;3;0.8;4.6;10080.0;0.0;0.0;55.3199785528115;0.86037037
1;0;9;0.8;29.12;6960.0;0.0;0.0;55.31526787725772;0.497885057
0;1;12;0.8;4.6;1080.0;0.0;0.0;31.50766906378867;0.868888889
0;1;4;0.8;4.3;1440.0;0.0;0.0;45.47098219311425;0.7226388890000001
0;1;14;0.5;3.94;3360.0;0.0;0.0;34.176117419115926;0.1922118055
0;1;13;0.8;4.6;2160.0;0.0;0.0;43.36380532137775;0.999999
0;1;9;0.75;2.9;0.0;0.0;0.0;53.83439406449773;0.841
0;1;13;0.8;4.6;1800.0;0.0;0.0;41.476750990075026;0.999999
0;1;8;0.75;2.9;960.0;0.0;0.0;52.91732413449199;0.676666667
1;0;5;0.7;30.1;7020.0;0.0;0.0;53.33032869302735;0.700618234
1;0;12;0.8;11.61;4710.0;0.0;0.0;59.29427508983834;0.800346445
1;0;1;0.8;22.52;3600.0;0.0;0.0;53.79007602050877;0.9005090440000001
1;0;1;0.6;26.66;6840.0;0.0;0.0;77.67328531317834;0.700019883
1;0;10;0.8;22.52;6000.0;0.0;0.0;49.31937302763928;0.441392
0;1;13;0.8;5.13;1080.0;0.0;0.0;62.59000847678962;0.999999
1;0;14;0.8;22.52;360.0;0.0;0.0;52.75374915833045;0.22511945625
1;0;4;0.8;22.52;7020.0;0.0;0.0;59.21792366906577;0.85011396
1;0;11;0.75;11.61;3360.0;0.0;2.0;52.87736604404759;0.7504372690000001
1;0;6;0.6;18.79;3960.0;0.0;0.0;46.13432591711813;0.600710606
1;0;5;0.5;30.1;6960.0;0.0;0.0;54.53761522744591;0.500801724
1;0;11;0.7;25.31;5760.0;0.0;0.0;52.91477310910517;0.7005135659999999
0;1;8;0.7;4.15;1800.0;0.0;0.0;30.004276678332804;0.840888889
0;1;1;0.8;3.94;1440.0;0.0;0.0;50.677742045591614;0.891723485
0;1;5;0.7;4.15;2700.0;0.0;0.0;43.71338119561809;0.9591919190000001
0;1;14;0.7;3.9;960.0;0.0;0.0;34.68378630516845;0.08125
1;0;12;0.8;26.16;7080.0;0.0;0.0;45.62408722365847;0.8003186440000001
1;0;10;0.7;21.82;5640.0;0.0;0.0;56.299465301573115;0.700236601
1;0;14;0.7;22.94;10440.0;0.0;0.0;57.10871181796504;0.20000587774999998
0;1;2;0.8;3.94;1440.0;0.0;0.0;69.44491198586067;0.8133712120000001
1;0;8;0.6;29.4;0.0;30.0;2.0;48.15048147397311;0.600982906
0;1;7;0.8;4.6;4200.0;0.0;0.0;51.70916097625045;0.999533333
0;1;4;0.75;3.94;2160.0;0.0;0.0;54.86666070946385;0.593055556
0;1;12;0.8;4.08;1080.0;0.0;0.0;42.35204051407986;0.8764444440000001
0;1;12;0.8;4.6;2160.0;0.0;0.0;43.36380532137775;0.922839506
1;0;10;0.65;18.22;0.0;35.0;1.0;29.421955244957783;0.302117347
1;0;7;0.8;25.9;10170.0;0.0;0.0;63.93700559025424;0.800128721
1;0;12;0.8;15.26;4080.0;0.0;0.0;56.37592434271698;0.8004019609999999
0;1;12;0.75;4.08;1080.0;0.0;0.0;50.4980819666602;0.6346666670000001
1;0;9;0.8;26.16;7080.0;0.0;0.0;37.21250985094893;0.850569492
1;0;14;0.65;26.66;6840.0;0.0;0.0;55.89355501702857;0.200144883
0;1;13;0.8;2.9;1440.0;0.0;0.0;70.17304649222766;0.999999
0;1;3;0.75;3.94;1620.0;0.0;0.0;53.03723273704972;0.961784512
1;0;14;0.7;30.33;3960.0;0.0;1.0;26.51838624636853;0.17501745275
1;0;2;0.8;22.52;6900.0;0.0;0.0;12.38631340160854;0.432122899
0;1;1;0.8;3.94;1200.0;0.0;0.0;44.15739878919918;0.870083333
1;0;4;0.6;22.4;5100.0;0.0;0.0;37.938621667465135;0.6003696860000001
1;0;12;0.8;11.61;2970.0;0.0;0.0;51.32966290871213;0.800313433
0;1;6;0.75;2.9;960.0;0.0;0.0;65.35365185140377;0.6283333329999999
0;1;2;0.8;3.94;2160.0;0.0;0.0;59.49944673480371;0.601944444
1;0;3;0.7;30.1;6960.0;0.0;1.0;85.09964312103875;0.700603448
1;0;14;0.8;22.52;7020.0;0.0;0.0;48.31781998532137;0.22503960125
0;1;10;0.8;3.94;5400.0;0.0;0.0;57.125195850034004;0.912766667
1;0;12;0.8;11.41;3660.0;0.0;0.0;49.36269762967754;0.8005704920000001
0;1;9;0.75;2.9;960.0;0.0;0.0;64.04867132850168;0.83375
1;0;7;0.7;30.1;600.0;0.0;1.0;49.06354230578267;0.7004598890000001
0;1;14;0.65;3.94;2400.0;0.0;0.0;44.53373111108763;0.12628205125
0;1;2;0.8;3.94;1800.0;0.0;0.0;33.7085253698529;0.9809090909999999
1;0;9;0.75;18.79;6240.0;0.0;0.0;78.14574465511741;0.750395513
0;1;11;0.8;2.9;960.0;0.0;0.0;56.70483981885448;0.755208333
1;0;14;0.6;26.66;6840.0;0.0;0.0;77.67328531317834;0.17500497075
0;1;3;0.5;5.13;2880.0;0.0;0.0;39.165035566409;0.81640625
1;0;6;0.7;23.41;4560.0;0.0;1.0;38.16419618323279;0.7002464909999999
1;0;11;0.8;11.41;3660.0;0.0;0.0;52.23857170928708;0.8005704920000001
1;0;10;0.7;21.82;3600.0;0.0;0.0;32.15401774310865;0.70013604
1;0;14;0.8;22.52;6900.0;0.0;0.0;51.04774497531396;0.25016782600000004
1;0;2;0.8;22.52;0.0;0.0;0.0;62.244323717003404;0.8999840579999999
0;1;14;0.8;3.94;1440.0;0.0;0.0;24.7999500212054;0.20427556824999998
1;0;14;0.5;22.94;10170.0;0.0;0.0;48.00173795044582;0.13749235725
0;1;12;0.8;4.6;1800.0;0.0;0.0;41.476750990075026;0.8995555559999999
0;1;7;0.7;3.94;960.0;0.0;0.0;62.31541976346202;0.779791667
1;0;9;0.8;29.12;6960.0;0.0;0.0;52.742939344359826;0.7999632179999999
0;1;11;0.8;4.15;900.0;0.0;0.0;32.88720980640868;0.5156060610000001
1;0;7;0.8;30.1;4080.0;0.0;1.0;37.71816583005083;0.800808642
1;0;9;0.8;26.16;10620.0;0.0;0.0;48.50904032841297;0.850502311
1;0;11;0.8;10.05;3240.0;0.0;0.0;53.65487173391368;0.750648148
1;0;12;0.8;11.61;4950.0;0.0;0.0;55.4472632415004;0.80003139
0;1;3;0.75;3.94;1440.0;0.0;0.0;47.94768922645135;0.895454545
0;1;11;0.8;4.15;1440.0;0.0;0.0;64.49231542851159;0.8174242420000001
0;1;7;0.8;2.9;1440.0;0.0;0.0;39.35114828966676;0.670075758
0;1;8;0.8;2.9;1440.0;0.0;0.0;49.43901410277772;0.683806818
1;0;12;0.8;15.26;4080.0;0.0;0.0;44.487769678401094;0.8004019609999999
0;1;14;0.8;5.13;3600.0;0.0;0.0;43.946035560062604;0.17753125
0;1;14;0.7;3.94;960.0;0.0;0.0;51.52972993480422;0.20171979175000002
1;0;3;0.8;22.52;6840.0;0.0;0.0;51.77395267054351;0.950185965
0;1;8;0.7;4.15;960.0;0.0;0.0;51.921577872901494;0.605208333
0;1;7;0.7;3.94;1200.0;0.0;0.0;62.53068379509559;0.971866667
0;1;4;0.8;4.3;1200.0;0.0;0.0;31.14353258361055;0.9890000000000001
1;0;11;0.35;14.61;7200.0;0.0;0.0;67.78596521150283;0.35003125
1;0;14;0.5;30.33;6720.0;0.0;1.0;45.633996738002125;0.09026785725
0;1;4;0.7;4.15;1800.0;0.0;0.0;26.9996449698907;0.7967555559999999
0;1;3;0.8;4.6;2400.0;0.0;0.0;48.74449137527184;0.900833333
1;0;8;0.75;29.4;6240.0;0.0;0.0;30.14079091973185;0.75075
0;1;14;0.8;3.94;2160.0;0.0;0.0;66.57875730276089;0.26449074075
1;0;3;0.6;30.1;6960.0;0.0;1.0;53.69012404878791;0.475718391
0;1;10;0.75;2.9;960.0;0.0;0.0;53.87824253607489;0.6283333329999999
1;0;2;0.8;28.08;6660.0;0.0;0.0;61.45092026728589;0.8002378379999999
0;1;9;0.8;3.94;1440.0;0.0;0.0;48.877972097552544;0.8581439390000001
1;0;3;0.75;29.4;5340.0;0.0;2.0;76.54714953332244;0.7501769909999999
1;0;14;0.75;22.94;6960.0;0.0;0.0;68.4798352236934;0.2000658045
0;1;14;0.75;3.94;1440.0;0.0;0.0;30.450493399363104;0.1445785985
0;1;13;0.8;4.6;3780.0;0.0;0.0;37.21176531354084;0.999999
0;1;9;0.8;3.94;960.0;0.0;0.0;54.32482195175598;0.23804166699999998
0;1;10;0.7;2.9;3360.0;0.0;0.0;66.04102922634561;0.41083333299999997
1;0;8;0.7;30.1;7080.0;10.0;2.0;63.832117157509074;0.621971751
1;0;13;0.7;15.26;6120.0;0.0;0.0;75.13966043887369;0.999999
0;1;3;0.8;4.6;1440.0;0.0;0.0;40.63747199587823;0.9519444440000001
0;1;7;0.8;2.9;1440.0;0.0;0.0;48.9731635506091;0.590435606
1;0;12;0.8;15.26;2880.0;0.0;0.0;61.65744225208754;0.8003552079999999
1;0;7;0.75;30.1;2280.0;0.0;1.0;6.961730627170354;0.75053268
1;0;2;0.65;30.33;6840.0;0.0;1.0;67.35265424516474;0.585315789
1;0;12;0.8;15.26;4080.0;0.0;0.0;55.03763293909716;0.8004019609999999
1;0;4;0.8;22.52;6780.0;0.0;0.0;42.72101899264677;0.850312684
0;1;2;0.7;3.94;15000.0;0.0;0.0;34.68759241147207;0.649662222
1;0;2;0.8;28.08;6900.0;0.0;0.0;45.31853569658672;0.800076522
1;0;2;0.5;22.94;9810.0;0.0;0.0;34.70236325383205;0.499998888
1;0;8;0.8;29.4;6840.0;0.0;0.0;37.29168288771796;0.433263158
1;0;11;0.75;11.61;3360.0;0.0;0.0;42.366925355549824;0.750503571
1;0;10;0.8;22.52;6720.0;0.0;0.0;57.039515905884706;0.900129762
0;1;12;0.8;5.13;1080.0;0.0;0.0;62.59000847678962;0.9025
0;1;4;0.75;4.3;2160.0;0.0;0.0;50.777323949987036;0.963699495
0;1;14;0.8;3.94;960.0;0.0;0.0;36.143934811404534;0.27703125
0;1;9;0.8;3.94;960.0;0.0;0.0;22.61143053753127;0.6074166670000001
1;0;2;0.7;30.33;4560.0;0.0;1.0;37.98485030434544;0.7002111109999999
1;0;13;0.8;11.61;2970.0;0.0;0.0;51.32966290871213;0.999999
0;1;2;0.75;3.94;1200.0;0.0;0.0;51.62371040785459;0.7879999999999999
1;0;14;0.5;15.28;5520.0;0.0;1.0;35.222785011139614;0.10103623199999999
1;0;6;0.7;23.41;4560.0;0.0;1.0;49.17821120064392;0.7002464909999999
1;0;10;0.7;22.52;10080.0;0.0;0.0;61.7759051855425;0.750057359
0;1;1;0.8;3.94;1920.0;0.0;0.0;37.642825086414504;0.961059028
1;0;6;0.65;23.41;4560.0;0.0;1.0;30.151218723797676;0.650962281
0;1;7;0.8;4.6;3360.0;0.0;0.0;51.43247463010489;0.350416667
1;0;13;0.8;15.26;4080.0;0.0;0.0;40.70253439296289;0.999999
0;1;14;0.8;3.94;2880.0;0.0;0.0;73.28607286457066;0.18183738425
1;0;12;0.35;15.26;6120.0;0.0;0.0;20.122262814612647;0.35021836
0;1;8;0.8;2.9;2400.0;0.0;0.0;39.77195359151153;0.594871795
1;0;1;0.7;22.94;10440.0;0.0;0.0;57.10871181796504;0.8000235109999999
1;0;9;0.8;29.12;6960.0;0.0;0.0;69.20038785344033;0.7999632179999999
0;1;11;0.75;2.9;5640.0;0.0;0.0;49.574190876607666;0.987880435
0;1;13;0.8;4.08;1080.0;0.0;0.0;36.98797816070591;0.999999
1;0;13;0.8;15.26;4080.0;0.0;0.0;34.403087277736276;0.999999
1;0;11;0.8;11.41;0.0;0.0;0.0;43.959889177177274;0.8007017540000001
1;0;1;0.7;26.82;6960.0;0.0;0.0;40.42895492801414;0.750651724
0;1;1;0.8;3.94;2160.0;0.0;0.0;42.93821987403507;0.985
1;0;11;0.7;14.89;10260.0;0.0;0.0;44.81321056571502;0.700170388
1;0;11;0.8;11.61;0.0;0.0;2.0;35.92714100714204;0.800779018
0;1;9;0.75;2.9;1800.0;0.0;0.0;60.721941089678225;0.505888889
1;0;3;0.8;30.1;3360.0;0.0;1.0;68.83478242959885;0.8005110679999999
1;0;6;0.8;11.61;5640.0;0.0;0.0;51.09210508708788;0.800537143
1;0;14;0.8;22.52;0.0;0.0;0.0;62.244323717003404;0.22499601449999998
1;0;14;0.8;22.52;0.0;0.0;0.0;36.612276889242096;0.25001644725
1;0;11;0.8;11.41;3420.0;0.0;0.0;55.650904668574725;0.800034503
0;1;8;0.65;3.9;960.0;0.0;0.0;52.96771154150331;0.560625
0;1;1;0.8;3.94;1440.0;0.0;0.0;48.550999609696824;0.664875
1;0;4;0.75;26.82;7080.0;0.0;0.0;48.07228529597493;0.750050847
